-- Adminer 4.2.1 MySQL dump

SET NAMES utf8;
SET time_zone = '+00:00';
SET foreign_key_checks = 0;
SET sql_mode = 'NO_AUTO_VALUE_ON_ZERO';

DROP TABLE IF EXISTS `bz1_content_types`;
CREATE TABLE `bz1_content_types` (
  `id` int(11) NOT NULL AUTO_INCREMENT,
  `type` varchar(255) COLLATE utf8_unicode_ci NOT NULL DEFAULT '',
  `title` varchar(255) COLLATE utf8_unicode_ci NOT NULL DEFAULT '',
  `description` varchar(500) COLLATE utf8_unicode_ci DEFAULT '',
  `params` varchar(5000) COLLATE utf8_unicode_ci DEFAULT '',
  `group` varchar(255) COLLATE utf8_unicode_ci DEFAULT NULL,
  `status` tinyint(4) DEFAULT '1',
  `ordering` int(11) DEFAULT '0',
  PRIMARY KEY (`id`)
) ENGINE=InnoDB DEFAULT CHARSET=utf8 COLLATE=utf8_unicode_ci CHECKSUM=1 DELAY_KEY_WRITE=1 ROW_FORMAT=DYNAMIC;

INSERT INTO `bz1_content_types` (`id`, `type`, `title`, `description`, `params`, `group`, `status`, `ordering`) VALUES
(2,	'retail_promotion',	'Promotion',	'',	'',	'retail',	1,	1),
(3,	'retail_event',	'Event',	'',	'',	'retail',	1,	2),
(4,	'retail_brandlist',	'Brand: List',	'',	'',	'retail',	1,	4),
(5,	'retail_brandcategory',	'Brand: Category',	'',	'',	'retail',	1,	3),
(6,	'retail_floorplan',	'Floor plan',	'',	'',	'retail',	1,	10),
(8,	'residential_overviewvideo',	'Overview: Video',	'',	'',	'residential',	1,	1),
(9,	'residential_overviewfloorplan',	'Overview: Floor Plan',	'',	'',	'residential',	1,	5),
(10,	'residential_overviewamenities',	'Overview: Amenities',	'',	'',	'residential',	1,	10),
(11,	'residential_galleryfacilities',	'Gallery: Facilities',	'',	'',	'residential',	1,	15),
(12,	'residential_galleryinterior',	'Gallery: Interior',	'',	'',	'residential',	1,	20),
(13,	'fitness_overviewpromotions',	'Overview: Promotions',	'',	'',	'fitness',	1,	1),
(14,	'fitness_overviewservices',	'Overview: Services',	'',	'',	'fitness',	1,	5),
(15,	'fitness_overviewfacilities',	'Overview: Facilities',	'',	'',	'fitness',	1,	10),
(18,	'static_content_headeraddress',	'Header: address',	'',	'',	'static_content',	1,	1),
(19,	'static_content_footeraddress',	'Footer: address',	'',	'',	'static_content',	1,	2),
(20,	'static_content_footersociallink',	'Footer: social link',	'',	'',	'static_content',	1,	3),
(21,	'retail_galleryshoppingmall',	'Gallery: shopping mall',	'',	'',	'retail',	1,	15),
(22,	'retail_galleryevent',	'Gallery: event',	'',	'',	'retail',	1,	17),
(23,	'retail_gallerysocialmedia',	'Gallery: social media',	'',	'',	'retail',	1,	19),
(24,	'residential_overviewoverviewinfo',	'Overview: Overview info',	'',	'',	'residential',	1,	2),
(25,	'residential_gallerysaleevents',	'Gallery: Sale events',	'',	'',	'residential',	1,	25),
(26,	'static_content_bannerpage',	'Banner: page',	'',	'',	'static_content',	1,	10),
(27,	'static_content_headerhotline',	'Header: hotline',	'',	'',	'static_content',	1,	1),
(28,	'static_content_footerlicense',	'Footer: license',	'',	'',	'static_content',	1,	3);

DROP TABLE IF EXISTS `bz1_contests`;
CREATE TABLE `bz1_contests` (
  `id` int(11) NOT NULL AUTO_INCREMENT,
  `user_id` int(11) NOT NULL,
  `title` varchar(255) NOT NULL,
  `slug` varchar(255) NOT NULL,
  `type` varchar(255) NOT NULL,
  `descriptions` text NOT NULL,
  `video` varchar(255) NOT NULL,
  `images` varchar(255) NOT NULL,
  `views` int(11) NOT NULL,
  `votes` int(11) NOT NULL,
  `shares` int(11) NOT NULL,
  `status` tinyint(4) NOT NULL,
  `location_target` varchar(255) NOT NULL,
  `modified` datetime NOT NULL,
  `created` datetime NOT NULL,
  PRIMARY KEY (`id`)
) ENGINE=MyISAM DEFAULT CHARSET=utf16;

INSERT INTO `bz1_contests` (`id`, `user_id`, `title`, `slug`, `type`, `descriptions`, `video`, `images`, `views`, `votes`, `shares`, `status`, `location_target`, `modified`, `created`) VALUES
(3,	20,	'test tiếp',	'test-tip',	'images',	'test tẹt ga',	'',	'1540799346544230.png,1540799346583476.png,1540799346620495.png,1540799346659338.png,1540799346696601.png,1540799346736104.png',	0,	0,	0,	0,	'',	'0000-00-00 00:00:00',	'0000-00-00 00:00:00'),
(4,	20,	'test đi đừng ngại ngùng',	'test-i-ng-ngi-ngung',	'images',	'test miết test mãi',	'',	'1540799377298063.jpg,1540799377337235.jpg,1540799377376980jpeg,1540799377420135.jpg,1540799377470647.png,1540799377518788.png',	0,	0,	0,	1,	'',	'0000-00-00 00:00:00',	'0000-00-00 00:00:00'),
(2,	20,	'test nè',	'test-ne',	'images',	'test thoi',	'',	'1540799300858249.png,1540799300895403.png,1540799300932534.png,1540799300970322.png',	0,	0,	0,	1,	'',	'0000-00-00 00:00:00',	'0000-00-00 00:00:00');

DROP TABLE IF EXISTS `bz1_groups`;
CREATE TABLE `bz1_groups` (
  `id` int(11) NOT NULL AUTO_INCREMENT,
  `title` varchar(255) COLLATE utf8_unicode_ci DEFAULT '',
  `weight` int(11) DEFAULT '0',
  `parent_id` int(11) DEFAULT '0',
  `lft` int(11) DEFAULT '0',
  `rght` int(11) DEFAULT '0',
  `description` varchar(255) COLLATE utf8_unicode_ci DEFAULT '',
  PRIMARY KEY (`id`)
) ENGINE=InnoDB DEFAULT CHARSET=utf8 COLLATE=utf8_unicode_ci;

INSERT INTO `bz1_groups` (`id`, `title`, `weight`, `parent_id`, `lft`, `rght`, `description`) VALUES
(9,	'Anonymous',	1,	0,	0,	0,	NULL),
(10,	'Authenticated',	2,	0,	0,	0,	''),
(11,	'Administrator',	3,	0,	0,	0,	NULL);

DROP TABLE IF EXISTS `bz1_groups_permission`;
CREATE TABLE `bz1_groups_permission` (
  `id` int(11) NOT NULL AUTO_INCREMENT,
  `group_id` int(11) DEFAULT NULL,
  `permission` varchar(255) COLLATE utf8_unicode_ci DEFAULT '',
  `controller` varchar(255) COLLATE utf8_unicode_ci DEFAULT '',
  `module` varchar(255) COLLATE utf8_unicode_ci DEFAULT '',
  PRIMARY KEY (`id`)
) ENGINE=InnoDB DEFAULT CHARSET=utf8 COLLATE=utf8_unicode_ci;

INSERT INTO `bz1_groups_permission` (`id`, `group_id`, `permission`, `controller`, `module`) VALUES
(916,	9,	'testAction',	'Content\\Front\\Controller\\PagesController',	'Content'),
(917,	10,	'testAction',	'Content\\Front\\Controller\\PagesController',	'Content'),
(918,	11,	'testAction',	'Content\\Front\\Controller\\PagesController',	'Content'),
(1172,	11,	'changepasswordAction',	'User\\Admin\\Controller\\UserController',	'User'),
(1173,	11,	'profileAction',	'User\\Admin\\Controller\\UserController',	'User'),
(1957,	11,	'addAction',	'Menu\\Admin\\Controller\\MenuController',	'Menu'),
(1958,	11,	'editAction',	'Menu\\Admin\\Controller\\MenuController',	'Menu'),
(1959,	11,	'indexAction',	'Menu\\Admin\\Controller\\MenuController',	'Menu'),
(1960,	11,	'publishAction',	'Menu\\Admin\\Controller\\MenuController',	'Menu'),
(1961,	11,	'unpublishAction',	'Menu\\Admin\\Controller\\MenuController',	'Menu'),
(1962,	11,	'deleteitemAction',	'Menu\\Admin\\Controller\\MenuController',	'Menu'),
(3884,	9,	'testAction',	'Application\\Controller\\IndexController',	'Application'),
(3885,	10,	'testAction',	'Application\\Controller\\IndexController',	'Application'),
(3886,	11,	'testAction',	'Application\\Controller\\IndexController',	'Application'),
(6599,	9,	'demouploadAction',	'Application\\Controller\\IndexController',	'Application'),
(6600,	10,	'demouploadAction',	'Application\\Controller\\IndexController',	'Application'),
(6601,	11,	'demouploadAction',	'Application\\Controller\\IndexController',	'Application'),
(7012,	9,	'indexAction',	'Contest\\Front\\Controller\\ContestItemController',	'Contest'),
(7013,	10,	'indexAction',	'Contest\\Front\\Controller\\ContestItemController',	'Contest'),
(7014,	11,	'indexAction',	'Contest\\Front\\Controller\\ContestItemController',	'Contest'),
(7015,	9,	'viewAction',	'Contest\\Front\\Controller\\ContestItemController',	'Contest'),
(7016,	10,	'viewAction',	'Contest\\Front\\Controller\\ContestItemController',	'Contest'),
(7017,	11,	'viewAction',	'Contest\\Front\\Controller\\ContestItemController',	'Contest'),
(7018,	10,	'submitAction',	'Contest\\Front\\Controller\\ContestItemController',	'Contest'),
(7019,	11,	'submitAction',	'Contest\\Front\\Controller\\ContestItemController',	'Contest'),
(7020,	10,	'successAction',	'Contest\\Front\\Controller\\ContestItemController',	'Contest'),
(7021,	11,	'successAction',	'Contest\\Front\\Controller\\ContestItemController',	'Contest'),
(7022,	11,	'editAction',	'Contest\\Admin\\Controller\\AlbumController',	'Contest'),
(7023,	11,	'addAction',	'Contest\\Admin\\Controller\\AlbumController',	'Contest'),
(7024,	11,	'indexAction',	'Contest\\Admin\\Controller\\AlbumController',	'Contest'),
(7025,	11,	'publishAction',	'Contest\\Admin\\Controller\\AlbumController',	'Contest'),
(7026,	11,	'unpublishAction',	'Contest\\Admin\\Controller\\AlbumController',	'Contest'),
(7027,	11,	'deleteitemAction',	'Contest\\Admin\\Controller\\AlbumController',	'Contest'),
(7156,	9,	'commentAction',	'Comment\\Front\\Controller\\CommentController',	'Comment'),
(7157,	10,	'commentAction',	'Comment\\Front\\Controller\\CommentController',	'Comment'),
(7158,	11,	'commentAction',	'Comment\\Front\\Controller\\CommentController',	'Comment'),
(7159,	9,	'addAction',	'Comment\\Front\\Controller\\CommentController',	'Comment'),
(7160,	10,	'addAction',	'Comment\\Front\\Controller\\CommentController',	'Comment'),
(7161,	11,	'addAction',	'Comment\\Front\\Controller\\CommentController',	'Comment'),
(7162,	9,	'indexAction',	'Comment\\Front\\Controller\\CommentController',	'Comment'),
(7163,	10,	'indexAction',	'Comment\\Front\\Controller\\CommentController',	'Comment'),
(7164,	11,	'indexAction',	'Comment\\Front\\Controller\\CommentController',	'Comment'),
(7165,	11,	'deleteAction',	'Comment\\Admin\\Controller\\CommentController',	'Comment'),
(7166,	11,	'addAction',	'Comment\\Admin\\Controller\\CommentController',	'Comment'),
(7167,	11,	'editAction',	'Comment\\Admin\\Controller\\CommentController',	'Comment'),
(7168,	11,	'indexAction',	'Comment\\Admin\\Controller\\CommentController',	'Comment'),
(7169,	11,	'publishAction',	'Comment\\Admin\\Controller\\CommentController',	'Comment'),
(7170,	11,	'unpublishAction',	'Comment\\Admin\\Controller\\CommentController',	'Comment'),
(7171,	11,	'deleteitemAction',	'Comment\\Admin\\Controller\\CommentController',	'Comment'),
(7205,	9,	'uploadimageAction',	'Media\\Front\\Controller\\UploadController',	'Media'),
(7206,	10,	'uploadimageAction',	'Media\\Front\\Controller\\UploadController',	'Media'),
(7207,	11,	'uploadimageAction',	'Media\\Front\\Controller\\UploadController',	'Media'),
(7208,	9,	'indexAction',	'Media\\Front\\Controller\\UploadController',	'Media'),
(7209,	10,	'indexAction',	'Media\\Front\\Controller\\UploadController',	'Media'),
(7210,	11,	'indexAction',	'Media\\Front\\Controller\\UploadController',	'Media'),
(7211,	11,	'indexAction',	'Media\\Admin\\Controller\\MediaController',	'Media'),
(7212,	11,	'popupAction',	'Media\\Admin\\Controller\\MediaController',	'Media'),
(7213,	11,	'addAction',	'Media\\Admin\\Controller\\MediaController',	'Media'),
(7214,	11,	'editAction',	'Media\\Admin\\Controller\\MediaController',	'Media'),
(7215,	11,	'publishAction',	'Media\\Admin\\Controller\\MediaController',	'Media'),
(7216,	11,	'unpublishAction',	'Media\\Admin\\Controller\\MediaController',	'Media'),
(7217,	11,	'deleteitemAction',	'Media\\Admin\\Controller\\MediaController',	'Media'),
(7224,	11,	'getscheduleAction',	'Prize\\Admin\\Controller\\PrizeController',	'Prize'),
(7225,	11,	'addAction',	'Prize\\Admin\\Controller\\PrizeController',	'Prize'),
(7226,	11,	'editAction',	'Prize\\Admin\\Controller\\PrizeController',	'Prize'),
(7227,	11,	'indexAction',	'Prize\\Admin\\Controller\\PrizeController',	'Prize'),
(7228,	11,	'publishAction',	'Prize\\Admin\\Controller\\PrizeController',	'Prize'),
(7229,	11,	'unpublishAction',	'Prize\\Admin\\Controller\\PrizeController',	'Prize'),
(7230,	11,	'deleteitemAction',	'Prize\\Admin\\Controller\\PrizeController',	'Prize'),
(7231,	11,	'addAction',	'Prize\\Admin\\Controller\\LuckyController',	'Prize'),
(7232,	11,	'editAction',	'Prize\\Admin\\Controller\\LuckyController',	'Prize'),
(7233,	11,	'indexAction',	'Prize\\Admin\\Controller\\LuckyController',	'Prize'),
(7234,	11,	'publishAction',	'Prize\\Admin\\Controller\\LuckyController',	'Prize'),
(7235,	11,	'unpublishAction',	'Prize\\Admin\\Controller\\LuckyController',	'Prize'),
(7236,	11,	'deleteitemAction',	'Prize\\Admin\\Controller\\LuckyController',	'Prize'),
(7268,	9,	'indexAction',	'Facebook\\Front\\Controller\\PostsController',	'Facebook'),
(7269,	10,	'indexAction',	'Facebook\\Front\\Controller\\PostsController',	'Facebook'),
(7270,	11,	'indexAction',	'Facebook\\Front\\Controller\\PostsController',	'Facebook'),
(7271,	9,	'categoryAction',	'Facebook\\Front\\Controller\\PostsController',	'Facebook'),
(7272,	10,	'categoryAction',	'Facebook\\Front\\Controller\\PostsController',	'Facebook'),
(7273,	11,	'categoryAction',	'Facebook\\Front\\Controller\\PostsController',	'Facebook'),
(7274,	9,	'viewAction',	'Facebook\\Front\\Controller\\PostsController',	'Facebook'),
(7275,	10,	'viewAction',	'Facebook\\Front\\Controller\\PostsController',	'Facebook'),
(7276,	11,	'viewAction',	'Facebook\\Front\\Controller\\PostsController',	'Facebook'),
(7277,	9,	'typesAction',	'Facebook\\Front\\Controller\\PostsController',	'Facebook'),
(7278,	10,	'typesAction',	'Facebook\\Front\\Controller\\PostsController',	'Facebook'),
(7279,	11,	'typesAction',	'Facebook\\Front\\Controller\\PostsController',	'Facebook'),
(7280,	9,	'aboutAction',	'Facebook\\Front\\Controller\\PagesController',	'Facebook'),
(7281,	10,	'aboutAction',	'Facebook\\Front\\Controller\\PagesController',	'Facebook'),
(7282,	11,	'aboutAction',	'Facebook\\Front\\Controller\\PagesController',	'Facebook'),
(7283,	9,	'supportAction',	'Facebook\\Front\\Controller\\PagesController',	'Facebook'),
(7284,	10,	'supportAction',	'Facebook\\Front\\Controller\\PagesController',	'Facebook'),
(7285,	11,	'supportAction',	'Facebook\\Front\\Controller\\PagesController',	'Facebook'),
(7286,	9,	'helpAction',	'Facebook\\Front\\Controller\\PagesController',	'Facebook'),
(7287,	10,	'helpAction',	'Facebook\\Front\\Controller\\PagesController',	'Facebook'),
(7288,	11,	'helpAction',	'Facebook\\Front\\Controller\\PagesController',	'Facebook'),
(7289,	9,	'ruleAction',	'Facebook\\Front\\Controller\\PagesController',	'Facebook'),
(7290,	10,	'ruleAction',	'Facebook\\Front\\Controller\\PagesController',	'Facebook'),
(7291,	11,	'ruleAction',	'Facebook\\Front\\Controller\\PagesController',	'Facebook'),
(7292,	9,	'termAction',	'Facebook\\Front\\Controller\\PagesController',	'Facebook'),
(7293,	10,	'termAction',	'Facebook\\Front\\Controller\\PagesController',	'Facebook'),
(7294,	11,	'termAction',	'Facebook\\Front\\Controller\\PagesController',	'Facebook'),
(7295,	9,	'securityAction',	'Facebook\\Front\\Controller\\PagesController',	'Facebook'),
(7296,	10,	'securityAction',	'Facebook\\Front\\Controller\\PagesController',	'Facebook'),
(7297,	11,	'securityAction',	'Facebook\\Front\\Controller\\PagesController',	'Facebook'),
(7298,	9,	'indexAction',	'Facebook\\Front\\Controller\\PagesController',	'Facebook'),
(7299,	10,	'indexAction',	'Facebook\\Front\\Controller\\PagesController',	'Facebook'),
(7300,	11,	'indexAction',	'Facebook\\Front\\Controller\\PagesController',	'Facebook'),
(7301,	9,	'indexAction',	'Facebook\\Front\\Controller\\ContestItemController',	'Facebook'),
(7302,	10,	'indexAction',	'Facebook\\Front\\Controller\\ContestItemController',	'Facebook'),
(7303,	11,	'indexAction',	'Facebook\\Front\\Controller\\ContestItemController',	'Facebook'),
(7304,	9,	'viewAction',	'Facebook\\Front\\Controller\\ContestItemController',	'Facebook'),
(7305,	10,	'viewAction',	'Facebook\\Front\\Controller\\ContestItemController',	'Facebook'),
(7306,	11,	'viewAction',	'Facebook\\Front\\Controller\\ContestItemController',	'Facebook'),
(7307,	9,	'submitAction',	'Facebook\\Front\\Controller\\ContestItemController',	'Facebook'),
(7308,	10,	'submitAction',	'Facebook\\Front\\Controller\\ContestItemController',	'Facebook'),
(7309,	11,	'submitAction',	'Facebook\\Front\\Controller\\ContestItemController',	'Facebook'),
(7310,	9,	'successAction',	'Facebook\\Front\\Controller\\ContestItemController',	'Facebook'),
(7311,	10,	'successAction',	'Facebook\\Front\\Controller\\ContestItemController',	'Facebook'),
(7312,	11,	'successAction',	'Facebook\\Front\\Controller\\ContestItemController',	'Facebook'),
(7495,	11,	'changemoduleAction',	'Cpanel\\Admin\\Controller\\CpanelController',	'Cpanel'),
(7572,	11,	'addAction',	'Menu\\Controller\\MenuAdminController',	'Menu'),
(7573,	11,	'editAction',	'Menu\\Controller\\MenuAdminController',	'Menu'),
(7574,	11,	'indexAction',	'Menu\\Controller\\MenuAdminController',	'Menu'),
(7575,	11,	'publishAction',	'Menu\\Controller\\MenuAdminController',	'Menu'),
(7576,	11,	'unpublishAction',	'Menu\\Controller\\MenuAdminController',	'Menu'),
(7577,	11,	'deleteitemAction',	'Menu\\Controller\\MenuAdminController',	'Menu'),
(7578,	11,	'addAction',	'Menu\\Controller\\MenuItemAdminController',	'Menu'),
(7579,	11,	'editAction',	'Menu\\Controller\\MenuItemAdminController',	'Menu'),
(7580,	11,	'indexAction',	'Menu\\Controller\\MenuItemAdminController',	'Menu'),
(7581,	11,	'publishAction',	'Menu\\Controller\\MenuItemAdminController',	'Menu'),
(7582,	11,	'unpublishAction',	'Menu\\Controller\\MenuItemAdminController',	'Menu'),
(7583,	11,	'deleteitemAction',	'Menu\\Controller\\MenuItemAdminController',	'Menu'),
(7746,	11,	'addAction',	'Banner\\Admin\\Controller\\BannerController',	'Banner'),
(7747,	11,	'editAction',	'Banner\\Admin\\Controller\\BannerController',	'Banner'),
(7748,	11,	'indexAction',	'Banner\\Admin\\Controller\\BannerController',	'Banner'),
(7749,	11,	'publishAction',	'Banner\\Admin\\Controller\\BannerController',	'Banner'),
(7750,	11,	'unpublishAction',	'Banner\\Admin\\Controller\\BannerController',	'Banner'),
(7751,	11,	'deleteitemAction',	'Banner\\Admin\\Controller\\BannerController',	'Banner'),
(7752,	11,	'addAction',	'Link\\Admin\\Controller\\LinkController',	'Link'),
(7753,	11,	'editAction',	'Link\\Admin\\Controller\\LinkController',	'Link'),
(7754,	11,	'indexAction',	'Link\\Admin\\Controller\\LinkController',	'Link'),
(7755,	11,	'publishAction',	'Link\\Admin\\Controller\\LinkController',	'Link'),
(7756,	11,	'unpublishAction',	'Link\\Admin\\Controller\\LinkController',	'Link'),
(7757,	11,	'deleteitemAction',	'Link\\Admin\\Controller\\LinkController',	'Link'),
(7758,	11,	'addAction',	'Tag\\Admin\\Controller\\TagController',	'Tag'),
(7759,	11,	'editAction',	'Tag\\Admin\\Controller\\TagController',	'Tag'),
(7760,	11,	'indexAction',	'Tag\\Admin\\Controller\\TagController',	'Tag'),
(7761,	11,	'publishAction',	'Tag\\Admin\\Controller\\TagController',	'Tag'),
(7762,	11,	'unpublishAction',	'Tag\\Admin\\Controller\\TagController',	'Tag'),
(7763,	11,	'deleteitemAction',	'Tag\\Admin\\Controller\\TagController',	'Tag'),
(7764,	11,	'addAction',	'Subscription\\Admin\\Controller\\SubscriptionController',	'Subscription'),
(7765,	11,	'editAction',	'Subscription\\Admin\\Controller\\SubscriptionController',	'Subscription'),
(7766,	11,	'indexAction',	'Subscription\\Admin\\Controller\\SubscriptionController',	'Subscription'),
(7767,	11,	'publishAction',	'Subscription\\Admin\\Controller\\SubscriptionController',	'Subscription'),
(7768,	11,	'unpublishAction',	'Subscription\\Admin\\Controller\\SubscriptionController',	'Subscription'),
(7769,	11,	'deleteitemAction',	'Subscription\\Admin\\Controller\\SubscriptionController',	'Subscription'),
(7783,	11,	'addAction',	'Template\\Admin\\Controller\\TemplateController',	'Template'),
(7784,	11,	'editAction',	'Template\\Admin\\Controller\\TemplateController',	'Template'),
(7785,	11,	'indexAction',	'Template\\Admin\\Controller\\TemplateController',	'Template'),
(7786,	11,	'publishAction',	'Template\\Admin\\Controller\\TemplateController',	'Template'),
(7787,	11,	'unpublishAction',	'Template\\Admin\\Controller\\TemplateController',	'Template'),
(7788,	11,	'deleteitemAction',	'Template\\Admin\\Controller\\TemplateController',	'Template'),
(7789,	11,	'addAction',	'UrlRewrite\\Admin\\Controller\\UrlRewriteController',	'UrlRewrite'),
(7790,	11,	'editAction',	'UrlRewrite\\Admin\\Controller\\UrlRewriteController',	'UrlRewrite'),
(7791,	11,	'indexAction',	'UrlRewrite\\Admin\\Controller\\UrlRewriteController',	'UrlRewrite'),
(7792,	11,	'publishAction',	'UrlRewrite\\Admin\\Controller\\UrlRewriteController',	'UrlRewrite'),
(7793,	11,	'unpublishAction',	'UrlRewrite\\Admin\\Controller\\UrlRewriteController',	'UrlRewrite'),
(7794,	11,	'deleteitemAction',	'UrlRewrite\\Admin\\Controller\\UrlRewriteController',	'UrlRewrite'),
(7923,	9,	'aboutAction',	'Content\\Front\\Controller\\PagesController',	'Content'),
(7924,	10,	'aboutAction',	'Content\\Front\\Controller\\PagesController',	'Content'),
(7925,	11,	'aboutAction',	'Content\\Front\\Controller\\PagesController',	'Content'),
(7926,	9,	'supportAction',	'Content\\Front\\Controller\\PagesController',	'Content'),
(7927,	10,	'supportAction',	'Content\\Front\\Controller\\PagesController',	'Content'),
(7928,	11,	'supportAction',	'Content\\Front\\Controller\\PagesController',	'Content'),
(7929,	9,	'helpAction',	'Content\\Front\\Controller\\PagesController',	'Content'),
(7930,	10,	'helpAction',	'Content\\Front\\Controller\\PagesController',	'Content'),
(7931,	11,	'helpAction',	'Content\\Front\\Controller\\PagesController',	'Content'),
(7932,	9,	'ruleAction',	'Content\\Front\\Controller\\PagesController',	'Content'),
(7933,	10,	'ruleAction',	'Content\\Front\\Controller\\PagesController',	'Content'),
(7934,	11,	'ruleAction',	'Content\\Front\\Controller\\PagesController',	'Content'),
(7935,	11,	'termAction',	'Content\\Front\\Controller\\PagesController',	'Content'),
(7936,	9,	'securityAction',	'Content\\Front\\Controller\\PagesController',	'Content'),
(7937,	10,	'securityAction',	'Content\\Front\\Controller\\PagesController',	'Content'),
(7938,	11,	'securityAction',	'Content\\Front\\Controller\\PagesController',	'Content'),
(8688,	9,	'categoryAction',	'Content\\Front\\Controller\\PostsController',	'Content'),
(8689,	10,	'categoryAction',	'Content\\Front\\Controller\\PostsController',	'Content'),
(8690,	11,	'categoryAction',	'Content\\Front\\Controller\\PostsController',	'Content'),
(8691,	9,	'viewAction',	'Content\\Front\\Controller\\PostsController',	'Content'),
(8692,	10,	'viewAction',	'Content\\Front\\Controller\\PostsController',	'Content'),
(8693,	11,	'viewAction',	'Content\\Front\\Controller\\PostsController',	'Content'),
(8694,	9,	'typesAction',	'Content\\Front\\Controller\\PostsController',	'Content'),
(8695,	10,	'typesAction',	'Content\\Front\\Controller\\PostsController',	'Content'),
(8696,	11,	'typesAction',	'Content\\Front\\Controller\\PostsController',	'Content'),
(8888,	9,	'imageindexAction',	'Content\\Front\\Controller\\PostsController',	'Content'),
(8889,	10,	'imageindexAction',	'Content\\Front\\Controller\\PostsController',	'Content'),
(8890,	11,	'imageindexAction',	'Content\\Front\\Controller\\PostsController',	'Content'),
(9276,	9,	'galleryindexAction',	'Content\\Front\\Controller\\PostsController',	'Content'),
(9277,	10,	'galleryindexAction',	'Content\\Front\\Controller\\PostsController',	'Content'),
(9278,	11,	'galleryindexAction',	'Content\\Front\\Controller\\PostsController',	'Content'),
(9885,	9,	'newssearchAction',	'Content\\Front\\Controller\\PostsController',	'Content'),
(9886,	10,	'newssearchAction',	'Content\\Front\\Controller\\PostsController',	'Content'),
(9887,	11,	'newssearchAction',	'Content\\Front\\Controller\\PostsController',	'Content'),
(11752,	9,	'apartmentindexAction',	'Zfloraanhdao\\Front\\Controller\\PagesController',	'Zfloraanhdao'),
(11753,	10,	'apartmentindexAction',	'Zfloraanhdao\\Front\\Controller\\PagesController',	'Zfloraanhdao'),
(11754,	11,	'apartmentindexAction',	'Zfloraanhdao\\Front\\Controller\\PagesController',	'Zfloraanhdao'),
(12756,	9,	'indexAction',	'Znamlonghouse\\Front\\Controller\\IndexController',	'Znamlonghouse'),
(12757,	10,	'indexAction',	'Znamlonghouse\\Front\\Controller\\IndexController',	'Znamlonghouse'),
(12758,	11,	'indexAction',	'Znamlonghouse\\Front\\Controller\\IndexController',	'Znamlonghouse'),
(12759,	9,	'contactAction',	'Znamlonghouse\\Front\\Controller\\ContactController',	'Znamlonghouse'),
(12760,	10,	'contactAction',	'Znamlonghouse\\Front\\Controller\\ContactController',	'Znamlonghouse'),
(12761,	11,	'contactAction',	'Znamlonghouse\\Front\\Controller\\ContactController',	'Znamlonghouse'),
(12762,	9,	'indexAction',	'Znamlonghouse\\Front\\Controller\\ContactController',	'Znamlonghouse'),
(12763,	10,	'indexAction',	'Znamlonghouse\\Front\\Controller\\ContactController',	'Znamlonghouse'),
(12764,	11,	'indexAction',	'Znamlonghouse\\Front\\Controller\\ContactController',	'Znamlonghouse'),
(12765,	9,	'aboutAction',	'Znamlonghouse\\Front\\Controller\\PostController',	'Znamlonghouse'),
(12766,	10,	'aboutAction',	'Znamlonghouse\\Front\\Controller\\PostController',	'Znamlonghouse'),
(12767,	11,	'aboutAction',	'Znamlonghouse\\Front\\Controller\\PostController',	'Znamlonghouse'),
(12768,	9,	'projectAction',	'Znamlonghouse\\Front\\Controller\\PostController',	'Znamlonghouse'),
(12769,	10,	'projectAction',	'Znamlonghouse\\Front\\Controller\\PostController',	'Znamlonghouse'),
(12770,	11,	'projectAction',	'Znamlonghouse\\Front\\Controller\\PostController',	'Znamlonghouse'),
(12771,	9,	'newsAction',	'Znamlonghouse\\Front\\Controller\\PostController',	'Znamlonghouse'),
(12772,	10,	'newsAction',	'Znamlonghouse\\Front\\Controller\\PostController',	'Znamlonghouse'),
(12773,	11,	'newsAction',	'Znamlonghouse\\Front\\Controller\\PostController',	'Znamlonghouse'),
(12774,	9,	'supportAction',	'Znamlonghouse\\Front\\Controller\\PostController',	'Znamlonghouse'),
(12775,	10,	'supportAction',	'Znamlonghouse\\Front\\Controller\\PostController',	'Znamlonghouse'),
(12776,	11,	'supportAction',	'Znamlonghouse\\Front\\Controller\\PostController',	'Znamlonghouse'),
(12777,	9,	'indexAction',	'Znamlonghouse\\Front\\Controller\\PostController',	'Znamlonghouse'),
(12778,	10,	'indexAction',	'Znamlonghouse\\Front\\Controller\\PostController',	'Znamlonghouse'),
(12779,	11,	'indexAction',	'Znamlonghouse\\Front\\Controller\\PostController',	'Znamlonghouse'),
(12780,	9,	'apartmentAction',	'Znamlonghouse\\Front\\Controller\\PagesController',	'Znamlonghouse'),
(12781,	10,	'apartmentAction',	'Znamlonghouse\\Front\\Controller\\PagesController',	'Znamlonghouse'),
(12782,	11,	'apartmentAction',	'Znamlonghouse\\Front\\Controller\\PagesController',	'Znamlonghouse'),
(12783,	9,	'indexAction',	'Znamlonghouse\\Front\\Controller\\PagesController',	'Znamlonghouse'),
(12784,	10,	'indexAction',	'Znamlonghouse\\Front\\Controller\\PagesController',	'Znamlonghouse'),
(12785,	11,	'indexAction',	'Znamlonghouse\\Front\\Controller\\PagesController',	'Znamlonghouse'),
(12902,	9,	'galleryAction',	'Content\\Front\\Controller\\PostsController',	'Content'),
(12903,	10,	'galleryAction',	'Content\\Front\\Controller\\PostsController',	'Content'),
(12904,	11,	'galleryAction',	'Content\\Front\\Controller\\PostsController',	'Content'),
(12905,	9,	'searchAction',	'Content\\Front\\Controller\\PostsController',	'Content'),
(12906,	10,	'searchAction',	'Content\\Front\\Controller\\PostsController',	'Content'),
(12907,	11,	'searchAction',	'Content\\Front\\Controller\\PostsController',	'Content'),
(12908,	9,	'timkiemcanhoAction',	'Content\\Front\\Controller\\PostsController',	'Content'),
(12909,	10,	'timkiemcanhoAction',	'Content\\Front\\Controller\\PostsController',	'Content'),
(12910,	11,	'timkiemcanhoAction',	'Content\\Front\\Controller\\PostsController',	'Content'),
(12914,	9,	'projectAction',	'Content\\Front\\Controller\\PagesController',	'Content'),
(12915,	10,	'projectAction',	'Content\\Front\\Controller\\PagesController',	'Content'),
(12916,	11,	'projectAction',	'Content\\Front\\Controller\\PagesController',	'Content'),
(12917,	9,	'introAction',	'Content\\Front\\Controller\\PagesController',	'Content'),
(12918,	10,	'introAction',	'Content\\Front\\Controller\\PagesController',	'Content'),
(12919,	11,	'introAction',	'Content\\Front\\Controller\\PagesController',	'Content'),
(12920,	9,	'recruitAction',	'Content\\Front\\Controller\\PagesController',	'Content'),
(12921,	10,	'recruitAction',	'Content\\Front\\Controller\\PagesController',	'Content'),
(12922,	11,	'recruitAction',	'Content\\Front\\Controller\\PagesController',	'Content'),
(12923,	9,	'recruitsearchAction',	'Content\\Front\\Controller\\PagesController',	'Content'),
(12924,	10,	'recruitsearchAction',	'Content\\Front\\Controller\\PagesController',	'Content'),
(12925,	11,	'recruitsearchAction',	'Content\\Front\\Controller\\PagesController',	'Content'),
(12926,	9,	'stockAction',	'Content\\Front\\Controller\\PagesController',	'Content'),
(12927,	10,	'stockAction',	'Content\\Front\\Controller\\PagesController',	'Content'),
(12928,	11,	'stockAction',	'Content\\Front\\Controller\\PagesController',	'Content'),
(12932,	11,	'typeAction',	'Content\\Admin\\Controller\\PostController',	'Content'),
(12953,	9,	'tuyendungnopdonAction',	'Contact\\Front\\Controller\\ContactController',	'Contact'),
(12954,	10,	'tuyendungnopdonAction',	'Contact\\Front\\Controller\\ContactController',	'Contact'),
(12955,	11,	'tuyendungnopdonAction',	'Contact\\Front\\Controller\\ContactController',	'Contact'),
(12995,	9,	'indexAction',	'Zfloraanhdao\\Front\\Controller\\IndexController',	'Zfloraanhdao'),
(12996,	10,	'indexAction',	'Zfloraanhdao\\Front\\Controller\\IndexController',	'Zfloraanhdao'),
(12997,	11,	'indexAction',	'Zfloraanhdao\\Front\\Controller\\IndexController',	'Zfloraanhdao'),
(12998,	9,	'contactAction',	'Zfloraanhdao\\Front\\Controller\\ContactController',	'Zfloraanhdao'),
(12999,	10,	'contactAction',	'Zfloraanhdao\\Front\\Controller\\ContactController',	'Zfloraanhdao'),
(13000,	11,	'contactAction',	'Zfloraanhdao\\Front\\Controller\\ContactController',	'Zfloraanhdao'),
(13001,	9,	'indexAction',	'Zfloraanhdao\\Front\\Controller\\ContactController',	'Zfloraanhdao'),
(13002,	10,	'indexAction',	'Zfloraanhdao\\Front\\Controller\\ContactController',	'Zfloraanhdao'),
(13003,	11,	'indexAction',	'Zfloraanhdao\\Front\\Controller\\ContactController',	'Zfloraanhdao'),
(13004,	9,	'aboutAction',	'Zfloraanhdao\\Front\\Controller\\PostController',	'Zfloraanhdao'),
(13005,	10,	'aboutAction',	'Zfloraanhdao\\Front\\Controller\\PostController',	'Zfloraanhdao'),
(13006,	11,	'aboutAction',	'Zfloraanhdao\\Front\\Controller\\PostController',	'Zfloraanhdao'),
(13007,	9,	'projectAction',	'Zfloraanhdao\\Front\\Controller\\PostController',	'Zfloraanhdao'),
(13008,	10,	'projectAction',	'Zfloraanhdao\\Front\\Controller\\PostController',	'Zfloraanhdao'),
(13009,	11,	'projectAction',	'Zfloraanhdao\\Front\\Controller\\PostController',	'Zfloraanhdao'),
(13010,	9,	'newsAction',	'Zfloraanhdao\\Front\\Controller\\PostController',	'Zfloraanhdao'),
(13011,	10,	'newsAction',	'Zfloraanhdao\\Front\\Controller\\PostController',	'Zfloraanhdao'),
(13012,	11,	'newsAction',	'Zfloraanhdao\\Front\\Controller\\PostController',	'Zfloraanhdao'),
(13013,	9,	'supportAction',	'Zfloraanhdao\\Front\\Controller\\PostController',	'Zfloraanhdao'),
(13014,	10,	'supportAction',	'Zfloraanhdao\\Front\\Controller\\PostController',	'Zfloraanhdao'),
(13015,	11,	'supportAction',	'Zfloraanhdao\\Front\\Controller\\PostController',	'Zfloraanhdao'),
(13016,	9,	'indexAction',	'Zfloraanhdao\\Front\\Controller\\PostController',	'Zfloraanhdao'),
(13017,	10,	'indexAction',	'Zfloraanhdao\\Front\\Controller\\PostController',	'Zfloraanhdao'),
(13018,	11,	'indexAction',	'Zfloraanhdao\\Front\\Controller\\PostController',	'Zfloraanhdao'),
(13019,	9,	'apartmentAction',	'Zfloraanhdao\\Front\\Controller\\PagesController',	'Zfloraanhdao'),
(13020,	10,	'apartmentAction',	'Zfloraanhdao\\Front\\Controller\\PagesController',	'Zfloraanhdao'),
(13021,	11,	'apartmentAction',	'Zfloraanhdao\\Front\\Controller\\PagesController',	'Zfloraanhdao'),
(13022,	11,	'indexAction',	'Zfloraanhdao\\Front\\Controller\\PagesController',	'Zfloraanhdao'),
(13023,	9,	'indexAction',	'Zehome\\Front\\Controller\\IndexController',	'Zehome'),
(13024,	10,	'indexAction',	'Zehome\\Front\\Controller\\IndexController',	'Zehome'),
(13025,	11,	'indexAction',	'Zehome\\Front\\Controller\\IndexController',	'Zehome'),
(13026,	9,	'contactAction',	'Zehome\\Front\\Controller\\ContactController',	'Zehome'),
(13027,	10,	'contactAction',	'Zehome\\Front\\Controller\\ContactController',	'Zehome'),
(13028,	11,	'contactAction',	'Zehome\\Front\\Controller\\ContactController',	'Zehome'),
(13029,	9,	'indexAction',	'Zehome\\Front\\Controller\\ContactController',	'Zehome'),
(13030,	10,	'indexAction',	'Zehome\\Front\\Controller\\ContactController',	'Zehome'),
(13031,	11,	'indexAction',	'Zehome\\Front\\Controller\\ContactController',	'Zehome'),
(13032,	9,	'aboutAction',	'Zehome\\Front\\Controller\\PostController',	'Zehome'),
(13033,	10,	'aboutAction',	'Zehome\\Front\\Controller\\PostController',	'Zehome'),
(13034,	11,	'aboutAction',	'Zehome\\Front\\Controller\\PostController',	'Zehome'),
(13035,	9,	'projectAction',	'Zehome\\Front\\Controller\\PostController',	'Zehome'),
(13036,	10,	'projectAction',	'Zehome\\Front\\Controller\\PostController',	'Zehome'),
(13037,	11,	'projectAction',	'Zehome\\Front\\Controller\\PostController',	'Zehome'),
(13038,	9,	'newsAction',	'Zehome\\Front\\Controller\\PostController',	'Zehome'),
(13039,	10,	'newsAction',	'Zehome\\Front\\Controller\\PostController',	'Zehome'),
(13040,	11,	'newsAction',	'Zehome\\Front\\Controller\\PostController',	'Zehome'),
(13041,	9,	'supportAction',	'Zehome\\Front\\Controller\\PostController',	'Zehome'),
(13042,	10,	'supportAction',	'Zehome\\Front\\Controller\\PostController',	'Zehome'),
(13043,	11,	'supportAction',	'Zehome\\Front\\Controller\\PostController',	'Zehome'),
(13044,	9,	'indexAction',	'Zehome\\Front\\Controller\\PostController',	'Zehome'),
(13045,	10,	'indexAction',	'Zehome\\Front\\Controller\\PostController',	'Zehome'),
(13046,	11,	'indexAction',	'Zehome\\Front\\Controller\\PostController',	'Zehome'),
(13047,	9,	'apartmentAction',	'Zehome\\Front\\Controller\\PagesController',	'Zehome'),
(13048,	10,	'apartmentAction',	'Zehome\\Front\\Controller\\PagesController',	'Zehome'),
(13049,	11,	'apartmentAction',	'Zehome\\Front\\Controller\\PagesController',	'Zehome'),
(13050,	9,	'indexAction',	'Zehome\\Front\\Controller\\PagesController',	'Zehome'),
(13051,	10,	'indexAction',	'Zehome\\Front\\Controller\\PagesController',	'Zehome'),
(13052,	11,	'indexAction',	'Zehome\\Front\\Controller\\PagesController',	'Zehome'),
(13053,	9,	'indexAction',	'Znamlonghome\\Front\\Controller\\IndexController',	'Znamlonghome'),
(13054,	10,	'indexAction',	'Znamlonghome\\Front\\Controller\\IndexController',	'Znamlonghome'),
(13055,	11,	'indexAction',	'Znamlonghome\\Front\\Controller\\IndexController',	'Znamlonghome'),
(13056,	9,	'contactAction',	'Znamlonghome\\Front\\Controller\\ContactController',	'Znamlonghome'),
(13057,	10,	'contactAction',	'Znamlonghome\\Front\\Controller\\ContactController',	'Znamlonghome'),
(13058,	11,	'contactAction',	'Znamlonghome\\Front\\Controller\\ContactController',	'Znamlonghome'),
(13059,	9,	'indexAction',	'Znamlonghome\\Front\\Controller\\ContactController',	'Znamlonghome'),
(13060,	10,	'indexAction',	'Znamlonghome\\Front\\Controller\\ContactController',	'Znamlonghome'),
(13061,	11,	'indexAction',	'Znamlonghome\\Front\\Controller\\ContactController',	'Znamlonghome'),
(13062,	9,	'aboutAction',	'Znamlonghome\\Front\\Controller\\PostController',	'Znamlonghome'),
(13063,	10,	'aboutAction',	'Znamlonghome\\Front\\Controller\\PostController',	'Znamlonghome'),
(13064,	11,	'aboutAction',	'Znamlonghome\\Front\\Controller\\PostController',	'Znamlonghome'),
(13065,	9,	'projectAction',	'Znamlonghome\\Front\\Controller\\PostController',	'Znamlonghome'),
(13066,	10,	'projectAction',	'Znamlonghome\\Front\\Controller\\PostController',	'Znamlonghome'),
(13067,	11,	'projectAction',	'Znamlonghome\\Front\\Controller\\PostController',	'Znamlonghome'),
(13068,	9,	'newsAction',	'Znamlonghome\\Front\\Controller\\PostController',	'Znamlonghome'),
(13069,	10,	'newsAction',	'Znamlonghome\\Front\\Controller\\PostController',	'Znamlonghome'),
(13070,	11,	'newsAction',	'Znamlonghome\\Front\\Controller\\PostController',	'Znamlonghome'),
(13071,	9,	'supportAction',	'Znamlonghome\\Front\\Controller\\PostController',	'Znamlonghome'),
(13072,	10,	'supportAction',	'Znamlonghome\\Front\\Controller\\PostController',	'Znamlonghome'),
(13073,	11,	'supportAction',	'Znamlonghome\\Front\\Controller\\PostController',	'Znamlonghome'),
(13074,	9,	'indexAction',	'Znamlonghome\\Front\\Controller\\PostController',	'Znamlonghome'),
(13075,	10,	'indexAction',	'Znamlonghome\\Front\\Controller\\PostController',	'Znamlonghome'),
(13076,	11,	'indexAction',	'Znamlonghome\\Front\\Controller\\PostController',	'Znamlonghome'),
(13077,	9,	'apartmentAction',	'Znamlonghome\\Front\\Controller\\PagesController',	'Znamlonghome'),
(13078,	10,	'apartmentAction',	'Znamlonghome\\Front\\Controller\\PagesController',	'Znamlonghome'),
(13079,	11,	'apartmentAction',	'Znamlonghome\\Front\\Controller\\PagesController',	'Znamlonghome'),
(13080,	9,	'indexAction',	'Znamlonghome\\Front\\Controller\\PagesController',	'Znamlonghome'),
(13081,	10,	'indexAction',	'Znamlonghome\\Front\\Controller\\PagesController',	'Znamlonghome'),
(13082,	11,	'indexAction',	'Znamlonghome\\Front\\Controller\\PagesController',	'Znamlonghome'),
(13418,	11,	'changetemplateAction',	'Cpanel\\Admin\\Controller\\CpanelController',	'Cpanel'),
(13431,	11,	'typeAction',	'Block\\Admin\\Controller\\BlockController',	'Block'),
(13432,	11,	'addAction',	'Block\\Admin\\Controller\\BlockController',	'Block'),
(13433,	11,	'editAction',	'Block\\Admin\\Controller\\BlockController',	'Block'),
(13434,	11,	'indexAction',	'Block\\Admin\\Controller\\BlockController',	'Block'),
(13435,	11,	'publishAction',	'Block\\Admin\\Controller\\BlockController',	'Block'),
(13436,	11,	'unpublishAction',	'Block\\Admin\\Controller\\BlockController',	'Block'),
(13437,	11,	'deleteitemAction',	'Block\\Admin\\Controller\\BlockController',	'Block'),
(13438,	11,	'addAction',	'Extension\\Admin\\Controller\\ExtensionController',	'Extension'),
(13439,	11,	'editAction',	'Extension\\Admin\\Controller\\ExtensionController',	'Extension'),
(13440,	11,	'indexAction',	'Extension\\Admin\\Controller\\ExtensionController',	'Extension'),
(13441,	11,	'publishAction',	'Extension\\Admin\\Controller\\ExtensionController',	'Extension'),
(13442,	11,	'unpublishAction',	'Extension\\Admin\\Controller\\ExtensionController',	'Extension'),
(13443,	11,	'deleteitemAction',	'Extension\\Admin\\Controller\\ExtensionController',	'Extension'),
(14314,	9,	'registerAction',	'User\\Front\\Controller\\UserController',	'User'),
(14315,	11,	'registerAction',	'User\\Front\\Controller\\UserController',	'User'),
(14316,	9,	'registersuccessAction',	'User\\Front\\Controller\\UserController',	'User'),
(14317,	11,	'registersuccessAction',	'User\\Front\\Controller\\UserController',	'User'),
(14318,	9,	'activeAction',	'User\\Front\\Controller\\UserController',	'User'),
(14319,	11,	'activeAction',	'User\\Front\\Controller\\UserController',	'User'),
(14320,	9,	'activesuccessAction',	'User\\Front\\Controller\\UserController',	'User'),
(14321,	11,	'activesuccessAction',	'User\\Front\\Controller\\UserController',	'User'),
(14322,	9,	'activesmssuccessAction',	'User\\Front\\Controller\\UserController',	'User'),
(14323,	11,	'activesmssuccessAction',	'User\\Front\\Controller\\UserController',	'User'),
(14324,	9,	'resendsmsAction',	'User\\Front\\Controller\\UserController',	'User'),
(14325,	11,	'resendsmsAction',	'User\\Front\\Controller\\UserController',	'User'),
(14326,	9,	'forgotAction',	'User\\Front\\Controller\\UserController',	'User'),
(14327,	11,	'forgotAction',	'User\\Front\\Controller\\UserController',	'User'),
(14328,	9,	'forgotsuccessAction',	'User\\Front\\Controller\\UserController',	'User'),
(14329,	11,	'forgotsuccessAction',	'User\\Front\\Controller\\UserController',	'User'),
(14332,	9,	'recoversuccessAction',	'User\\Front\\Controller\\UserController',	'User'),
(14333,	11,	'recoversuccessAction',	'User\\Front\\Controller\\UserController',	'User'),
(14334,	9,	'loginAction',	'User\\Front\\Controller\\UserController',	'User'),
(14335,	10,	'loginAction',	'User\\Front\\Controller\\UserController',	'User'),
(14336,	11,	'loginAction',	'User\\Front\\Controller\\UserController',	'User'),
(14337,	9,	'facebookloginAction',	'User\\Front\\Controller\\UserController',	'User'),
(14338,	11,	'facebookloginAction',	'User\\Front\\Controller\\UserController',	'User'),
(14339,	9,	'googleloginAction',	'User\\Front\\Controller\\UserController',	'User'),
(14340,	11,	'googleloginAction',	'User\\Front\\Controller\\UserController',	'User'),
(14344,	10,	'changepasswordAction',	'User\\Front\\Controller\\UserController',	'User'),
(14345,	11,	'changepasswordAction',	'User\\Front\\Controller\\UserController',	'User'),
(14346,	10,	'changepasswordsuccessAction',	'User\\Front\\Controller\\UserController',	'User'),
(14347,	11,	'changepasswordsuccessAction',	'User\\Front\\Controller\\UserController',	'User'),
(14348,	10,	'profileAction',	'User\\Front\\Controller\\UserController',	'User'),
(14349,	11,	'profileAction',	'User\\Front\\Controller\\UserController',	'User'),
(14350,	10,	'accountAction',	'User\\Front\\Controller\\UserController',	'User'),
(14351,	11,	'accountAction',	'User\\Front\\Controller\\UserController',	'User'),
(14352,	10,	'editAction',	'User\\Front\\Controller\\UserController',	'User'),
(14353,	11,	'editAction',	'User\\Front\\Controller\\UserController',	'User'),
(14354,	10,	'editsuccessAction',	'User\\Front\\Controller\\UserController',	'User'),
(14355,	11,	'editsuccessAction',	'User\\Front\\Controller\\UserController',	'User'),
(14356,	10,	'changepictureAction',	'User\\Front\\Controller\\UserController',	'User'),
(14357,	11,	'changepictureAction',	'User\\Front\\Controller\\UserController',	'User'),
(14358,	10,	'settingAction',	'User\\Front\\Controller\\UserController',	'User'),
(14359,	11,	'settingAction',	'User\\Front\\Controller\\UserController',	'User'),
(15118,	9,	'shareAction',	'Vote\\Front\\Controller\\VoteController',	'Vote'),
(15119,	10,	'shareAction',	'Vote\\Front\\Controller\\VoteController',	'Vote'),
(15120,	11,	'shareAction',	'Vote\\Front\\Controller\\VoteController',	'Vote'),
(15277,	9,	'getcaptchaAction',	'User\\Admin\\Controller\\UserController',	'User'),
(15278,	10,	'getcaptchaAction',	'User\\Admin\\Controller\\UserController',	'User'),
(15279,	11,	'getcaptchaAction',	'User\\Admin\\Controller\\UserController',	'User'),
(15685,	11,	'addAction',	'Subscribe\\Admin\\Controller\\SubscribeController',	'Subscribe'),
(15686,	11,	'editAction',	'Subscribe\\Admin\\Controller\\SubscribeController',	'Subscribe'),
(15687,	11,	'indexAction',	'Subscribe\\Admin\\Controller\\SubscribeController',	'Subscribe'),
(15688,	11,	'publishAction',	'Subscribe\\Admin\\Controller\\SubscribeController',	'Subscribe'),
(15689,	11,	'unpublishAction',	'Subscribe\\Admin\\Controller\\SubscribeController',	'Subscribe'),
(15690,	11,	'deleteitemAction',	'Subscribe\\Admin\\Controller\\SubscribeController',	'Subscribe'),
(15770,	11,	'backupdbAction',	'Cpanel\\Admin\\Controller\\CpanelController',	'Cpanel'),
(16252,	9,	'ruleAction',	'Api\\Controller\\PagesController',	'Api'),
(16253,	10,	'ruleAction',	'Api\\Controller\\PagesController',	'Api'),
(16254,	11,	'ruleAction',	'Api\\Controller\\PagesController',	'Api'),
(16255,	9,	'indexAction',	'Api\\Controller\\PagesController',	'Api'),
(16256,	10,	'indexAction',	'Api\\Controller\\PagesController',	'Api'),
(16257,	11,	'indexAction',	'Api\\Controller\\PagesController',	'Api'),
(16457,	9,	'translatelangAction',	'Application\\Controller\\IndexController',	'Application'),
(16458,	10,	'translatelangAction',	'Application\\Controller\\IndexController',	'Application'),
(16459,	11,	'translatelangAction',	'Application\\Controller\\IndexController',	'Application'),
(16495,	11,	'downloadAction',	'Content\\Admin\\Controller\\PostController',	'Content'),
(16816,	9,	'ruleAction',	'Api\\Controller\\ContestController',	'Api'),
(16817,	10,	'ruleAction',	'Api\\Controller\\ContestController',	'Api'),
(16818,	11,	'ruleAction',	'Api\\Controller\\ContestController',	'Api'),
(16819,	9,	'indexAction',	'Api\\Controller\\ContestController',	'Api'),
(16820,	10,	'indexAction',	'Api\\Controller\\ContestController',	'Api'),
(16821,	11,	'indexAction',	'Api\\Controller\\ContestController',	'Api'),
(19267,	9,	'indexAction',	'Core\\Controller\\CoreController',	'Core'),
(19268,	10,	'indexAction',	'Core\\Controller\\CoreController',	'Core'),
(19269,	11,	'indexAction',	'Core\\Controller\\CoreController',	'Core'),
(19270,	9,	'indexAction',	'Application\\Controller\\IndexController',	'Application'),
(19271,	10,	'indexAction',	'Application\\Controller\\IndexController',	'Application'),
(19272,	11,	'indexAction',	'Application\\Controller\\IndexController',	'Application'),
(19273,	9,	'indexAction',	'Category\\Front\\Controller\\CategoryController',	'Category'),
(19274,	11,	'indexAction',	'Category\\Front\\Controller\\CategoryController',	'Category'),
(19275,	11,	'indexAction',	'Category\\Admin\\Controller\\CategoryController',	'Category'),
(19276,	11,	'addAction',	'Category\\Admin\\Controller\\CategoryController',	'Category'),
(19277,	11,	'editAction',	'Category\\Admin\\Controller\\CategoryController',	'Category'),
(19278,	11,	'publishAction',	'Category\\Admin\\Controller\\CategoryController',	'Category'),
(19279,	11,	'unpublishAction',	'Category\\Admin\\Controller\\CategoryController',	'Category'),
(19280,	11,	'deleteitemAction',	'Category\\Admin\\Controller\\CategoryController',	'Category'),
(19281,	9,	'fitnessjoinusAction',	'Contact\\Front\\Controller\\ContactController',	'Contact'),
(19282,	10,	'fitnessjoinusAction',	'Contact\\Front\\Controller\\ContactController',	'Contact'),
(19283,	11,	'fitnessjoinusAction',	'Contact\\Front\\Controller\\ContactController',	'Contact'),
(19284,	9,	'subscribeAction',	'Contact\\Front\\Controller\\ContactController',	'Contact'),
(19285,	10,	'subscribeAction',	'Contact\\Front\\Controller\\ContactController',	'Contact'),
(19286,	11,	'subscribeAction',	'Contact\\Front\\Controller\\ContactController',	'Contact'),
(19287,	9,	'contactAction',	'Contact\\Front\\Controller\\ContactController',	'Contact'),
(19288,	10,	'contactAction',	'Contact\\Front\\Controller\\ContactController',	'Contact'),
(19289,	11,	'contactAction',	'Contact\\Front\\Controller\\ContactController',	'Contact'),
(19290,	9,	'contactsuccessAction',	'Contact\\Front\\Controller\\ContactController',	'Contact'),
(19291,	10,	'contactsuccessAction',	'Contact\\Front\\Controller\\ContactController',	'Contact'),
(19292,	11,	'contactsuccessAction',	'Contact\\Front\\Controller\\ContactController',	'Contact'),
(19293,	9,	'indexAction',	'Contact\\Front\\Controller\\ContactController',	'Contact'),
(19294,	10,	'indexAction',	'Contact\\Front\\Controller\\ContactController',	'Contact'),
(19295,	11,	'indexAction',	'Contact\\Front\\Controller\\ContactController',	'Contact'),
(19296,	11,	'addAction',	'Contact\\Admin\\Controller\\ContactController',	'Contact'),
(19297,	11,	'editAction',	'Contact\\Admin\\Controller\\ContactController',	'Contact'),
(19298,	11,	'indexAction',	'Contact\\Admin\\Controller\\ContactController',	'Contact'),
(19299,	11,	'publishAction',	'Contact\\Admin\\Controller\\ContactController',	'Contact'),
(19300,	11,	'unpublishAction',	'Contact\\Admin\\Controller\\ContactController',	'Contact'),
(19301,	11,	'deleteitemAction',	'Contact\\Admin\\Controller\\ContactController',	'Contact'),
(19302,	9,	'overviewAction',	'Content\\Front\\Controller\\FitnessController',	'Content'),
(19303,	10,	'overviewAction',	'Content\\Front\\Controller\\FitnessController',	'Content'),
(19304,	11,	'overviewAction',	'Content\\Front\\Controller\\FitnessController',	'Content'),
(19305,	9,	'servicedetailAction',	'Content\\Front\\Controller\\FitnessController',	'Content'),
(19306,	10,	'servicedetailAction',	'Content\\Front\\Controller\\FitnessController',	'Content'),
(19307,	11,	'servicedetailAction',	'Content\\Front\\Controller\\FitnessController',	'Content'),
(19308,	9,	'promotiondetailAction',	'Content\\Front\\Controller\\FitnessController',	'Content'),
(19309,	10,	'promotiondetailAction',	'Content\\Front\\Controller\\FitnessController',	'Content'),
(19310,	11,	'promotiondetailAction',	'Content\\Front\\Controller\\FitnessController',	'Content'),
(19311,	9,	'galleryAction',	'Content\\Front\\Controller\\FitnessController',	'Content'),
(19312,	10,	'galleryAction',	'Content\\Front\\Controller\\FitnessController',	'Content'),
(19313,	11,	'galleryAction',	'Content\\Front\\Controller\\FitnessController',	'Content'),
(19314,	9,	'indexAction',	'Content\\Front\\Controller\\FitnessController',	'Content'),
(19315,	10,	'indexAction',	'Content\\Front\\Controller\\FitnessController',	'Content'),
(19316,	11,	'indexAction',	'Content\\Front\\Controller\\FitnessController',	'Content'),
(19317,	9,	'overviewAction',	'Content\\Front\\Controller\\ResidentialController',	'Content'),
(19318,	10,	'overviewAction',	'Content\\Front\\Controller\\ResidentialController',	'Content'),
(19319,	11,	'overviewAction',	'Content\\Front\\Controller\\ResidentialController',	'Content'),
(19320,	9,	'galleryAction',	'Content\\Front\\Controller\\ResidentialController',	'Content'),
(19321,	10,	'galleryAction',	'Content\\Front\\Controller\\ResidentialController',	'Content'),
(19322,	11,	'galleryAction',	'Content\\Front\\Controller\\ResidentialController',	'Content'),
(19323,	9,	'indexAction',	'Content\\Front\\Controller\\ResidentialController',	'Content'),
(19324,	10,	'indexAction',	'Content\\Front\\Controller\\ResidentialController',	'Content'),
(19325,	11,	'indexAction',	'Content\\Front\\Controller\\ResidentialController',	'Content'),
(19326,	9,	'promotionAction',	'Content\\Front\\Controller\\RetailController',	'Content'),
(19327,	10,	'promotionAction',	'Content\\Front\\Controller\\RetailController',	'Content'),
(19328,	11,	'promotionAction',	'Content\\Front\\Controller\\RetailController',	'Content'),
(19329,	9,	'eventAction',	'Content\\Front\\Controller\\RetailController',	'Content'),
(19330,	10,	'eventAction',	'Content\\Front\\Controller\\RetailController',	'Content'),
(19331,	11,	'eventAction',	'Content\\Front\\Controller\\RetailController',	'Content'),
(19332,	9,	'brandAction',	'Content\\Front\\Controller\\RetailController',	'Content'),
(19333,	10,	'brandAction',	'Content\\Front\\Controller\\RetailController',	'Content'),
(19334,	11,	'brandAction',	'Content\\Front\\Controller\\RetailController',	'Content'),
(19335,	9,	'branddetailAction',	'Content\\Front\\Controller\\RetailController',	'Content'),
(19336,	10,	'branddetailAction',	'Content\\Front\\Controller\\RetailController',	'Content'),
(19337,	11,	'branddetailAction',	'Content\\Front\\Controller\\RetailController',	'Content'),
(19338,	9,	'floorplanAction',	'Content\\Front\\Controller\\RetailController',	'Content'),
(19339,	10,	'floorplanAction',	'Content\\Front\\Controller\\RetailController',	'Content'),
(19340,	11,	'floorplanAction',	'Content\\Front\\Controller\\RetailController',	'Content'),
(19341,	9,	'galleryAction',	'Content\\Front\\Controller\\RetailController',	'Content'),
(19342,	10,	'galleryAction',	'Content\\Front\\Controller\\RetailController',	'Content'),
(19343,	11,	'galleryAction',	'Content\\Front\\Controller\\RetailController',	'Content'),
(19344,	9,	'indexAction',	'Content\\Front\\Controller\\RetailController',	'Content'),
(19345,	10,	'indexAction',	'Content\\Front\\Controller\\RetailController',	'Content'),
(19346,	11,	'indexAction',	'Content\\Front\\Controller\\RetailController',	'Content'),
(19347,	9,	'newsAction',	'Content\\Front\\Controller\\PostsController',	'Content'),
(19348,	10,	'newsAction',	'Content\\Front\\Controller\\PostsController',	'Content'),
(19349,	11,	'newsAction',	'Content\\Front\\Controller\\PostsController',	'Content'),
(19350,	9,	'newsviewAction',	'Content\\Front\\Controller\\PostsController',	'Content'),
(19351,	10,	'newsviewAction',	'Content\\Front\\Controller\\PostsController',	'Content'),
(19352,	11,	'newsviewAction',	'Content\\Front\\Controller\\PostsController',	'Content'),
(19353,	9,	'indexAction',	'Content\\Front\\Controller\\PostsController',	'Content'),
(19354,	10,	'indexAction',	'Content\\Front\\Controller\\PostsController',	'Content'),
(19355,	11,	'indexAction',	'Content\\Front\\Controller\\PostsController',	'Content'),
(19356,	9,	'indexAction',	'Content\\Front\\Controller\\PagesController',	'Content'),
(19357,	10,	'indexAction',	'Content\\Front\\Controller\\PagesController',	'Content'),
(19358,	11,	'indexAction',	'Content\\Front\\Controller\\PagesController',	'Content'),
(19359,	11,	'addAction',	'Content\\Admin\\Controller\\PostController',	'Content'),
(19360,	11,	'editAction',	'Content\\Admin\\Controller\\PostController',	'Content'),
(19361,	11,	'indexAction',	'Content\\Admin\\Controller\\PostController',	'Content'),
(19362,	11,	'publishAction',	'Content\\Admin\\Controller\\PostController',	'Content'),
(19363,	11,	'unpublishAction',	'Content\\Admin\\Controller\\PostController',	'Content'),
(19364,	11,	'deleteitemAction',	'Content\\Admin\\Controller\\PostController',	'Content'),
(19365,	9,	'indexAction',	'Contest\\Front\\Controller\\ContestController',	'Contest'),
(19366,	10,	'indexAction',	'Contest\\Front\\Controller\\ContestController',	'Contest'),
(19367,	11,	'indexAction',	'Contest\\Front\\Controller\\ContestController',	'Contest'),
(19368,	9,	'submitAction',	'Contest\\Front\\Controller\\ContestController',	'Contest'),
(19369,	10,	'submitAction',	'Contest\\Front\\Controller\\ContestController',	'Contest'),
(19370,	11,	'submitAction',	'Contest\\Front\\Controller\\ContestController',	'Contest'),
(19371,	11,	'uploadyoutubev3Action',	'Contest\\Admin\\Controller\\ContestController',	'Contest'),
(19372,	11,	'exportAction',	'Contest\\Admin\\Controller\\ContestController',	'Contest'),
(19373,	11,	'setwinAction',	'Contest\\Admin\\Controller\\ContestController',	'Contest'),
(19374,	11,	'rejectAction',	'Contest\\Admin\\Controller\\ContestController',	'Contest'),
(19375,	11,	'addAction',	'Contest\\Admin\\Controller\\ContestController',	'Contest'),
(19376,	11,	'editAction',	'Contest\\Admin\\Controller\\ContestController',	'Contest'),
(19377,	11,	'indexAction',	'Contest\\Admin\\Controller\\ContestController',	'Contest'),
(19378,	11,	'publishAction',	'Contest\\Admin\\Controller\\ContestController',	'Contest'),
(19379,	11,	'unpublishAction',	'Contest\\Admin\\Controller\\ContestController',	'Contest'),
(19380,	11,	'deleteitemAction',	'Contest\\Admin\\Controller\\ContestController',	'Contest'),
(19381,	11,	'addAction',	'Contest\\Admin\\Controller\\ContestWeekController',	'Contest'),
(19382,	11,	'editAction',	'Contest\\Admin\\Controller\\ContestWeekController',	'Contest'),
(19383,	11,	'indexAction',	'Contest\\Admin\\Controller\\ContestWeekController',	'Contest'),
(19384,	11,	'publishAction',	'Contest\\Admin\\Controller\\ContestWeekController',	'Contest'),
(19385,	11,	'unpublishAction',	'Contest\\Admin\\Controller\\ContestWeekController',	'Contest'),
(19386,	11,	'deleteitemAction',	'Contest\\Admin\\Controller\\ContestWeekController',	'Contest'),
(19387,	11,	'addAction',	'Contenttype\\Admin\\Controller\\ContenttypeController',	'Contenttype'),
(19388,	11,	'editAction',	'Contenttype\\Admin\\Controller\\ContenttypeController',	'Contenttype'),
(19389,	11,	'indexAction',	'Contenttype\\Admin\\Controller\\ContenttypeController',	'Contenttype'),
(19390,	11,	'publishAction',	'Contenttype\\Admin\\Controller\\ContenttypeController',	'Contenttype'),
(19391,	11,	'unpublishAction',	'Contenttype\\Admin\\Controller\\ContenttypeController',	'Contenttype'),
(19392,	11,	'deleteitemAction',	'Contenttype\\Admin\\Controller\\ContenttypeController',	'Contenttype'),
(19393,	11,	'cpanelAction',	'Cpanel\\Admin\\Controller\\CpanelController',	'Cpanel'),
(19394,	9,	'adminsecureauthenAction',	'Cpanel\\Admin\\Controller\\CpanelController',	'Cpanel'),
(19395,	10,	'adminsecureauthenAction',	'Cpanel\\Admin\\Controller\\CpanelController',	'Cpanel'),
(19396,	11,	'adminsecureauthenAction',	'Cpanel\\Admin\\Controller\\CpanelController',	'Cpanel'),
(19397,	11,	'addAction',	'Cpanel\\Admin\\Controller\\CpanelController',	'Cpanel'),
(19398,	11,	'editAction',	'Cpanel\\Admin\\Controller\\CpanelController',	'Cpanel'),
(19399,	11,	'indexAction',	'Cpanel\\Admin\\Controller\\CpanelController',	'Cpanel'),
(19400,	11,	'publishAction',	'Cpanel\\Admin\\Controller\\CpanelController',	'Cpanel'),
(19401,	11,	'unpublishAction',	'Cpanel\\Admin\\Controller\\CpanelController',	'Cpanel'),
(19402,	11,	'deleteitemAction',	'Cpanel\\Admin\\Controller\\CpanelController',	'Cpanel'),
(19403,	9,	'switchedAction',	'Language\\Front\\Controller\\LanguageController',	'Language'),
(19404,	10,	'switchedAction',	'Language\\Front\\Controller\\LanguageController',	'Language'),
(19405,	11,	'switchedAction',	'Language\\Front\\Controller\\LanguageController',	'Language'),
(19406,	9,	'indexAction',	'Language\\Front\\Controller\\LanguageController',	'Language'),
(19407,	10,	'indexAction',	'Language\\Front\\Controller\\LanguageController',	'Language'),
(19408,	11,	'indexAction',	'Language\\Front\\Controller\\LanguageController',	'Language'),
(19409,	11,	'switchedAction',	'Language\\Admin\\Controller\\LanguageController',	'Language'),
(19410,	11,	'addAction',	'Language\\Admin\\Controller\\LanguageController',	'Language'),
(19411,	11,	'editAction',	'Language\\Admin\\Controller\\LanguageController',	'Language'),
(19412,	11,	'indexAction',	'Language\\Admin\\Controller\\LanguageController',	'Language'),
(19413,	11,	'publishAction',	'Language\\Admin\\Controller\\LanguageController',	'Language'),
(19414,	11,	'unpublishAction',	'Language\\Admin\\Controller\\LanguageController',	'Language'),
(19415,	11,	'deleteitemAction',	'Language\\Admin\\Controller\\LanguageController',	'Language'),
(19416,	11,	'indexAction',	'Setting\\Admin\\Controller\\EmailSettingController',	'Setting'),
(19417,	11,	'filemanAction',	'Setting\\Admin\\Controller\\EmailSettingController',	'Setting'),
(19418,	11,	'viewAction',	'Setting\\Admin\\Controller\\EmailSettingController',	'Setting'),
(19419,	11,	'editfileAction',	'Setting\\Admin\\Controller\\EmailSettingController',	'Setting'),
(19420,	11,	'savefileAction',	'Setting\\Admin\\Controller\\EmailSettingController',	'Setting'),
(19421,	11,	'addAction',	'Setting\\Admin\\Controller\\EmailSettingController',	'Setting'),
(19422,	11,	'editAction',	'Setting\\Admin\\Controller\\EmailSettingController',	'Setting'),
(19423,	11,	'publishAction',	'Setting\\Admin\\Controller\\EmailSettingController',	'Setting'),
(19424,	11,	'unpublishAction',	'Setting\\Admin\\Controller\\EmailSettingController',	'Setting'),
(19425,	11,	'deleteitemAction',	'Setting\\Admin\\Controller\\EmailSettingController',	'Setting'),
(19426,	11,	'infoAction',	'Setting\\Admin\\Controller\\SettingController',	'Setting'),
(19427,	11,	'addAction',	'Setting\\Admin\\Controller\\SettingController',	'Setting'),
(19428,	11,	'editAction',	'Setting\\Admin\\Controller\\SettingController',	'Setting'),
(19429,	11,	'indexAction',	'Setting\\Admin\\Controller\\SettingController',	'Setting'),
(19430,	11,	'publishAction',	'Setting\\Admin\\Controller\\SettingController',	'Setting'),
(19431,	11,	'unpublishAction',	'Setting\\Admin\\Controller\\SettingController',	'Setting'),
(19432,	11,	'deleteitemAction',	'Setting\\Admin\\Controller\\SettingController',	'Setting'),
(19433,	11,	'addAction',	'Setting\\Admin\\Controller\\RedirectController',	'Setting'),
(19434,	11,	'editAction',	'Setting\\Admin\\Controller\\RedirectController',	'Setting'),
(19435,	11,	'indexAction',	'Setting\\Admin\\Controller\\RedirectController',	'Setting'),
(19436,	11,	'publishAction',	'Setting\\Admin\\Controller\\RedirectController',	'Setting'),
(19437,	11,	'unpublishAction',	'Setting\\Admin\\Controller\\RedirectController',	'Setting'),
(19438,	11,	'deleteitemAction',	'Setting\\Admin\\Controller\\RedirectController',	'Setting'),
(19439,	9,	'apiregisterAction',	'User\\Front\\Controller\\UserController',	'User'),
(19440,	10,	'apiregisterAction',	'User\\Front\\Controller\\UserController',	'User'),
(19441,	11,	'apiregisterAction',	'User\\Front\\Controller\\UserController',	'User'),
(19442,	9,	'apiverifysmsAction',	'User\\Front\\Controller\\UserController',	'User'),
(19443,	10,	'apiverifysmsAction',	'User\\Front\\Controller\\UserController',	'User'),
(19444,	11,	'apiverifysmsAction',	'User\\Front\\Controller\\UserController',	'User'),
(19445,	9,	'apiverifyresendsmsAction',	'User\\Front\\Controller\\UserController',	'User'),
(19446,	10,	'apiverifyresendsmsAction',	'User\\Front\\Controller\\UserController',	'User'),
(19447,	11,	'apiverifyresendsmsAction',	'User\\Front\\Controller\\UserController',	'User'),
(19448,	9,	'apiloginfbAction',	'User\\Front\\Controller\\UserController',	'User'),
(19449,	10,	'apiloginfbAction',	'User\\Front\\Controller\\UserController',	'User'),
(19450,	11,	'apiloginfbAction',	'User\\Front\\Controller\\UserController',	'User'),
(19451,	9,	'apiloginggAction',	'User\\Front\\Controller\\UserController',	'User'),
(19452,	10,	'apiloginggAction',	'User\\Front\\Controller\\UserController',	'User'),
(19453,	11,	'apiloginggAction',	'User\\Front\\Controller\\UserController',	'User'),
(19454,	9,	'apiloginAction',	'User\\Front\\Controller\\UserController',	'User'),
(19455,	10,	'apiloginAction',	'User\\Front\\Controller\\UserController',	'User'),
(19456,	11,	'apiloginAction',	'User\\Front\\Controller\\UserController',	'User'),
(19457,	9,	'apilogoutAction',	'User\\Front\\Controller\\UserController',	'User'),
(19458,	10,	'apilogoutAction',	'User\\Front\\Controller\\UserController',	'User'),
(19459,	11,	'apilogoutAction',	'User\\Front\\Controller\\UserController',	'User'),
(19460,	9,	'logoutAction',	'User\\Front\\Controller\\UserController',	'User'),
(19461,	10,	'logoutAction',	'User\\Front\\Controller\\UserController',	'User'),
(19462,	11,	'logoutAction',	'User\\Front\\Controller\\UserController',	'User'),
(19463,	9,	'apiprofileAction',	'User\\Front\\Controller\\UserController',	'User'),
(19464,	10,	'apiprofileAction',	'User\\Front\\Controller\\UserController',	'User'),
(19465,	11,	'apiprofileAction',	'User\\Front\\Controller\\UserController',	'User'),
(19466,	9,	'apiupdateprofileAction',	'User\\Front\\Controller\\UserController',	'User'),
(19467,	10,	'apiupdateprofileAction',	'User\\Front\\Controller\\UserController',	'User'),
(19468,	11,	'apiupdateprofileAction',	'User\\Front\\Controller\\UserController',	'User'),
(19469,	9,	'apiupdatepasswordAction',	'User\\Front\\Controller\\UserController',	'User'),
(19470,	10,	'apiupdatepasswordAction',	'User\\Front\\Controller\\UserController',	'User'),
(19471,	11,	'apiupdatepasswordAction',	'User\\Front\\Controller\\UserController',	'User'),
(19472,	9,	'forgetpassAction',	'User\\Front\\Controller\\UserController',	'User'),
(19473,	10,	'forgetpassAction',	'User\\Front\\Controller\\UserController',	'User'),
(19474,	11,	'forgetpassAction',	'User\\Front\\Controller\\UserController',	'User'),
(19475,	9,	'recoverAction',	'User\\Front\\Controller\\UserController',	'User'),
(19476,	10,	'recoverAction',	'User\\Front\\Controller\\UserController',	'User'),
(19477,	11,	'recoverAction',	'User\\Front\\Controller\\UserController',	'User'),
(19478,	9,	'indexAction',	'User\\Front\\Controller\\UserController',	'User'),
(19479,	10,	'indexAction',	'User\\Front\\Controller\\UserController',	'User'),
(19480,	11,	'indexAction',	'User\\Front\\Controller\\UserController',	'User'),
(19481,	11,	'exportAction',	'User\\Admin\\Controller\\UserController',	'User'),
(19482,	9,	'loginAction',	'User\\Admin\\Controller\\UserController',	'User'),
(19483,	11,	'loginAction',	'User\\Admin\\Controller\\UserController',	'User'),
(19484,	9,	'logoutAction',	'User\\Admin\\Controller\\UserController',	'User'),
(19485,	11,	'logoutAction',	'User\\Admin\\Controller\\UserController',	'User'),
(19486,	11,	'accountAction',	'User\\Admin\\Controller\\UserController',	'User'),
(19487,	11,	'addAction',	'User\\Admin\\Controller\\UserController',	'User'),
(19488,	11,	'editAction',	'User\\Admin\\Controller\\UserController',	'User'),
(19489,	11,	'indexAction',	'User\\Admin\\Controller\\UserController',	'User'),
(19490,	11,	'publishAction',	'User\\Admin\\Controller\\UserController',	'User'),
(19491,	11,	'unpublishAction',	'User\\Admin\\Controller\\UserController',	'User'),
(19492,	11,	'deleteitemAction',	'User\\Admin\\Controller\\UserController',	'User'),
(19493,	11,	'addAction',	'User\\Admin\\Controller\\GroupController',	'User'),
(19494,	11,	'editAction',	'User\\Admin\\Controller\\GroupController',	'User'),
(19495,	11,	'indexAction',	'User\\Admin\\Controller\\GroupController',	'User'),
(19496,	11,	'publishAction',	'User\\Admin\\Controller\\GroupController',	'User'),
(19497,	11,	'unpublishAction',	'User\\Admin\\Controller\\GroupController',	'User'),
(19498,	11,	'deleteitemAction',	'User\\Admin\\Controller\\GroupController',	'User'),
(19499,	11,	'indexAction',	'User\\Admin\\Controller\\PermissionController',	'User'),
(19500,	11,	'addAction',	'User\\Admin\\Controller\\PermissionController',	'User'),
(19501,	11,	'editAction',	'User\\Admin\\Controller\\PermissionController',	'User'),
(19502,	11,	'publishAction',	'User\\Admin\\Controller\\PermissionController',	'User'),
(19503,	11,	'unpublishAction',	'User\\Admin\\Controller\\PermissionController',	'User'),
(19504,	11,	'deleteitemAction',	'User\\Admin\\Controller\\PermissionController',	'User'),
(19505,	9,	'voteAction',	'Vote\\Front\\Controller\\VoteController',	'Vote'),
(19506,	10,	'voteAction',	'Vote\\Front\\Controller\\VoteController',	'Vote'),
(19507,	11,	'voteAction',	'Vote\\Front\\Controller\\VoteController',	'Vote'),
(19508,	9,	'indexAction',	'Vote\\Front\\Controller\\VoteController',	'Vote'),
(19509,	10,	'indexAction',	'Vote\\Front\\Controller\\VoteController',	'Vote'),
(19510,	11,	'indexAction',	'Vote\\Front\\Controller\\VoteController',	'Vote'),
(19511,	11,	'exportAction',	'Vote\\Admin\\Controller\\VoteController',	'Vote'),
(19512,	11,	'addAction',	'Vote\\Admin\\Controller\\VoteController',	'Vote'),
(19513,	11,	'editAction',	'Vote\\Admin\\Controller\\VoteController',	'Vote'),
(19514,	11,	'indexAction',	'Vote\\Admin\\Controller\\VoteController',	'Vote'),
(19515,	11,	'publishAction',	'Vote\\Admin\\Controller\\VoteController',	'Vote'),
(19516,	11,	'unpublishAction',	'Vote\\Admin\\Controller\\VoteController',	'Vote'),
(19517,	11,	'deleteitemAction',	'Vote\\Admin\\Controller\\VoteController',	'Vote');

DROP TABLE IF EXISTS `bz1_languages`;
CREATE TABLE `bz1_languages` (
  `id` int(11) unsigned NOT NULL AUTO_INCREMENT,
  `lang_code` char(7) NOT NULL,
  `title` varchar(255) NOT NULL,
  `title_short` varchar(255) NOT NULL,
  `slug` varchar(255) DEFAULT NULL,
  `image` varchar(50) DEFAULT '',
  `description` varchar(512) DEFAULT '',
  `status` tinyint(1) DEFAULT '1',
  `ordering` int(11) DEFAULT '0',
  `is_default` tinyint(1) DEFAULT '0',
  `created` timestamp NULL DEFAULT CURRENT_TIMESTAMP,
  `modified` timestamp NULL DEFAULT NULL,
  PRIMARY KEY (`id`)
) ENGINE=InnoDB DEFAULT CHARSET=utf8;

INSERT INTO `bz1_languages` (`id`, `lang_code`, `title`, `title_short`, `slug`, `image`, `description`, `status`, `ordering`, `is_default`, `created`, `modified`) VALUES
(3,	'vi_VN',	'Tiếng Việt',	'VIE',	'tieng-viet',	'',	'Tiếng Việt',	1,	0,	1,	'2011-11-02 09:07:34',	'2011-11-02 09:07:34'),
(4,	'en_US',	'English',	'EN',	'english',	'',	'English',	1,	1,	0,	'2011-11-02 09:07:34',	NULL);

DROP TABLE IF EXISTS `bz1_metatags`;
CREATE TABLE `bz1_metatags` (
  `id` int(11) NOT NULL AUTO_INCREMENT,
  `meta_title` varchar(255) CHARACTER SET utf8 COLLATE utf8_unicode_ci DEFAULT '',
  `meta_description` varchar(500) CHARACTER SET utf8 COLLATE utf8_unicode_ci DEFAULT '',
  `meta_keywords` varchar(500) CHARACTER SET utf8 COLLATE utf8_unicode_ci DEFAULT '',
  `object_id` int(11) NOT NULL DEFAULT '0',
  `extension` varchar(255) DEFAULT '',
  PRIMARY KEY (`id`),
  KEY `fk_nodewords_shops1` (`object_id`)
) ENGINE=InnoDB DEFAULT CHARSET=latin1;

INSERT INTO `bz1_metatags` (`id`, `meta_title`, `meta_description`, `meta_keywords`, `object_id`, `extension`) VALUES
(2,	'page title - update',	'page description - update',	'asda dadasd -update',	100,	NULL),
(3,	'',	'',	'',	6,	'page'),
(4,	'',	'',	'',	7,	'page'),
(5,	'Page Title',	'Meta description',	'meta keyword',	7,	NULL),
(6,	'Support Page Title',	'Support Meta description',	'Support meta keywords',	8,	'page'),
(7,	'Help Page Title',	'Help meta description',	'Help meta keywords',	9,	'page'),
(8,	'',	'',	'',	10,	'page'),
(15,	'',	'',	'',	12,	NULL),
(17,	'',	'',	'',	13,	'post'),
(18,	'',	'',	'',	14,	'post'),
(19,	'',	'',	'',	15,	'post'),
(20,	'',	'',	'',	16,	'post'),
(22,	'',	'',	'',	17,	'post'),
(23,	'',	'',	'',	18,	'page'),
(25,	'',	'',	'',	19,	'page'),
(27,	'',	'',	'',	20,	'page'),
(28,	'',	'',	'',	21,	'page'),
(29,	'',	'',	'',	11,	'post'),
(30,	'',	'',	'',	22,	'page'),
(33,	'',	'',	'',	12,	'post'),
(34,	'',	'',	'',	23,	'post'),
(35,	'',	'',	'',	24,	'captcha'),
(37,	'',	'',	'',	25,	'post'),
(40,	'',	'',	'',	26,	'post'),
(53,	'',	'',	'',	2,	'post'),
(55,	'',	'',	'',	1,	'post'),
(61,	'',	'',	'',	5,	'news'),
(62,	'',	'',	'',	6,	'news'),
(63,	'',	'',	'',	7,	'news'),
(64,	'',	'',	'',	8,	'news'),
(65,	'',	'',	'',	9,	'post'),
(66,	'',	'',	'',	10,	'post'),
(68,	'',	'',	'',	12,	'banner'),
(69,	'',	'',	'',	11,	'banner'),
(76,	'',	'',	'',	13,	'partner'),
(77,	'',	'',	'',	14,	'partner'),
(78,	'',	'',	'',	15,	'partner'),
(79,	'',	'',	'',	16,	'partner'),
(84,	'Test thôi nhé',	'Không có gì phải không',	'hehehe',	15,	'news'),
(94,	'',	'',	'',	16,	'news'),
(95,	'',	'',	'',	17,	'news'),
(96,	'',	'',	'',	18,	'news'),
(97,	'',	'',	'',	19,	'news'),
(100,	'',	'',	'',	20,	'news'),
(101,	'',	'',	'',	21,	'news'),
(102,	'',	'',	'',	22,	'news'),
(103,	'',	'',	'',	23,	'news'),
(105,	'',	'',	'',	1,	'news'),
(106,	'',	'',	'',	2,	'news'),
(107,	'',	'',	'',	3,	'news'),
(115,	'',	'',	'',	4,	'news'),
(131,	'',	'',	'',	5,	'content_news'),
(135,	'',	'',	'',	8,	'retail_floorplan'),
(136,	'',	'',	'',	7,	'retail_promotion'),
(137,	'',	'',	'',	6,	'retail_promotion'),
(138,	'',	'',	'',	9,	'retail_brandcategory');

DROP TABLE IF EXISTS `bz1_posts`;
CREATE TABLE `bz1_posts` (
  `id` bigint(19) unsigned NOT NULL AUTO_INCREMENT,
  `identity` varchar(100) COLLATE utf8_unicode_ci DEFAULT '',
  `user_id` int(11) NOT NULL DEFAULT '0',
  `title` varchar(500) COLLATE utf8_unicode_ci NOT NULL DEFAULT '',
  `subtitle` varchar(500) COLLATE utf8_unicode_ci DEFAULT '',
  `subtitle1` varchar(500) COLLATE utf8_unicode_ci DEFAULT NULL,
  `subtitle2` varchar(500) COLLATE utf8_unicode_ci DEFAULT NULL,
  `subtitle3` varchar(500) COLLATE utf8_unicode_ci DEFAULT NULL,
  `slug` varchar(255) COLLATE utf8_unicode_ci DEFAULT '',
  `body` longtext COLLATE utf8_unicode_ci,
  `body1` longtext COLLATE utf8_unicode_ci,
  `intro` longtext COLLATE utf8_unicode_ci,
  `status` tinyint(1) DEFAULT '0',
  `image` varchar(500) COLLATE utf8_unicode_ci DEFAULT '',
  `large_image` varchar(500) COLLATE utf8_unicode_ci DEFAULT '',
  `multi_image` longtext COLLATE utf8_unicode_ci,
  `multi_image1` longtext COLLATE utf8_unicode_ci,
  `files` varchar(500) COLLATE utf8_unicode_ci DEFAULT NULL,
  `language` varchar(10) COLLATE utf8_unicode_ci DEFAULT '',
  `lang_group` varchar(255) COLLATE utf8_unicode_ci DEFAULT NULL,
  `more_info` longtext COLLATE utf8_unicode_ci,
  `created` datetime DEFAULT NULL,
  `modified` datetime DEFAULT NULL,
  `ordering` int(11) DEFAULT '0',
  `featured` tinyint(4) DEFAULT '0',
  `home_is_show` tinyint(4) DEFAULT '0',
  `views` int(11) DEFAULT '0',
  `category` varchar(255) COLLATE utf8_unicode_ci DEFAULT '0',
  `category_multi` longtext COLLATE utf8_unicode_ci,
  `type` varchar(45) COLLATE utf8_unicode_ci DEFAULT '',
  PRIMARY KEY (`id`)
) ENGINE=InnoDB DEFAULT CHARSET=utf8 COLLATE=utf8_unicode_ci;


DROP TABLE IF EXISTS `bz1_posts_metas`;
CREATE TABLE `bz1_posts_metas` (
  `id` int(11) NOT NULL AUTO_INCREMENT,
  `post_id` int(11) DEFAULT NULL,
  `meta_key` varchar(255) COLLATE utf8_unicode_ci DEFAULT NULL,
  `meta_value` text COLLATE utf8_unicode_ci,
  `extension` varchar(255) COLLATE utf8_unicode_ci DEFAULT NULL,
  PRIMARY KEY (`id`)
) ENGINE=InnoDB DEFAULT CHARSET=utf8 COLLATE=utf8_unicode_ci;


DROP TABLE IF EXISTS `bz1_posts_tags`;
CREATE TABLE `bz1_posts_tags` (
  `id` int(15) NOT NULL AUTO_INCREMENT,
  `post_id` int(15) NOT NULL,
  `tag_id` int(15) NOT NULL,
  `extension` varchar(150) COLLATE utf8_unicode_ci DEFAULT '',
  PRIMARY KEY (`id`)
) ENGINE=InnoDB DEFAULT CHARSET=utf8 COLLATE=utf8_unicode_ci;


DROP TABLE IF EXISTS `bz1_posts_terms`;
CREATE TABLE `bz1_posts_terms` (
  `id` int(11) NOT NULL AUTO_INCREMENT,
  `post_id` int(11) NOT NULL,
  `term_id` int(11) NOT NULL,
  `extension` varchar(255) COLLATE utf8_unicode_ci DEFAULT '',
  PRIMARY KEY (`id`),
  KEY `fk_posts_terms_shops1` (`post_id`),
  KEY `fk_posts_terms_terms1` (`term_id`)
) ENGINE=InnoDB DEFAULT CHARSET=utf8 COLLATE=utf8_unicode_ci;

INSERT INTO `bz1_posts_terms` (`id`, `post_id`, `term_id`, `extension`) VALUES
(1,	2,	2,	'post'),
(3,	1,	1,	'post'),
(13,	54,	14,	'post'),
(60,	52,	9,	'post'),
(63,	53,	9,	'post'),
(65,	144,	9,	'post'),
(68,	145,	9,	'post'),
(70,	146,	9,	'post'),
(73,	147,	9,	'post'),
(75,	217,	9,	'post'),
(77,	218,	12,	'post'),
(78,	219,	12,	'post'),
(92,	220,	10,	'post'),
(95,	221,	11,	'post'),
(101,	222,	13,	'post'),
(107,	223,	13,	'post'),
(121,	26,	9,	'post'),
(122,	15,	10,	'post'),
(129,	23,	13,	'post'),
(130,	24,	13,	'post'),
(131,	21,	13,	'post'),
(132,	22,	13,	'post');

DROP TABLE IF EXISTS `bz1_redirects`;
CREATE TABLE `bz1_redirects` (
  `id` int(10) unsigned NOT NULL AUTO_INCREMENT,
  `source` varchar(255) NOT NULL,
  `dst` varchar(255) NOT NULL,
  `description` varchar(255) DEFAULT NULL,
  `header` varchar(500) DEFAULT NULL,
  `status` tinyint(1) NOT NULL,
  `language` varchar(20) DEFAULT NULL,
  `created` timestamp NULL DEFAULT CURRENT_TIMESTAMP,
  `modified` timestamp NULL DEFAULT NULL,
  PRIMARY KEY (`id`),
  UNIQUE KEY `idx_link_old` (`source`) USING BTREE,
  KEY `idx_link_modifed` (`modified`) USING BTREE
) ENGINE=InnoDB DEFAULT CHARSET=utf8;


DROP TABLE IF EXISTS `bz1_settings`;
CREATE TABLE `bz1_settings` (
  `id` int(11) NOT NULL AUTO_INCREMENT,
  `name` varchar(255) COLLATE utf8_unicode_ci NOT NULL DEFAULT '',
  `value` text COLLATE utf8_unicode_ci NOT NULL,
  `desc` varchar(500) COLLATE utf8_unicode_ci DEFAULT '',
  `module` varchar(50) COLLATE utf8_unicode_ci DEFAULT '',
  `group` varchar(255) COLLATE utf8_unicode_ci DEFAULT '',
  PRIMARY KEY (`id`)
) ENGINE=InnoDB DEFAULT CHARSET=utf8 COLLATE=utf8_unicode_ci;

INSERT INTO `bz1_settings` (`id`, `name`, `value`, `desc`, `module`, `group`) VALUES
(15,	'sitestatus',	'1',	'',	'core',	'core'),
(18,	'ga',	'var ga=12;',	'',	'core',	'core'),
(26,	'sitename',	'Vietjet Air',	'',	'core',	'core'),
(28,	'metakeyword',	'keyword',	'',	'core',	'core'),
(29,	'metadescription',	'description',	'',	'core',	'core'),
(30,	'phone_hire_ground',	'',	'',	'core',	'core');

DROP TABLE IF EXISTS `bz1_templates`;
CREATE TABLE `bz1_templates` (
  `id` int(11) NOT NULL AUTO_INCREMENT,
  `template` varchar(255) COLLATE utf8_unicode_ci DEFAULT NULL,
  `title` varchar(255) COLLATE utf8_unicode_ci DEFAULT NULL,
  `status` tinyint(4) DEFAULT NULL,
  `params` varchar(5000) COLLATE utf8_unicode_ci DEFAULT NULL,
  `type` enum('Administrator','Frontend','Facebook') COLLATE utf8_unicode_ci DEFAULT NULL,
  PRIMARY KEY (`id`)
) ENGINE=InnoDB DEFAULT CHARSET=utf8 COLLATE=utf8_unicode_ci;

INSERT INTO `bz1_templates` (`id`, `template`, `title`, `status`, `params`, `type`) VALUES
(1,	'mytheme',	'Default Administrator',	1,	'',	'Administrator'),
(2,	'mytheme',	'Default Frontend',	1,	'',	'Frontend');

DROP TABLE IF EXISTS `bz1_terms`;
CREATE TABLE `bz1_terms` (
  `id` int(11) NOT NULL AUTO_INCREMENT,
  `title` varchar(255) COLLATE utf8_unicode_ci DEFAULT '',
  `slug` varchar(255) COLLATE utf8_unicode_ci DEFAULT '',
  `intro` varchar(5000) COLLATE utf8_unicode_ci DEFAULT NULL,
  `body` mediumtext COLLATE utf8_unicode_ci,
  `vocabulary_id` int(11) DEFAULT '0',
  `parent_id` int(11) DEFAULT '0',
  `image` varchar(255) COLLATE utf8_unicode_ci DEFAULT '',
  `language` varchar(10) COLLATE utf8_unicode_ci DEFAULT '',
  `lang_group` varchar(255) COLLATE utf8_unicode_ci DEFAULT NULL,
  `status` tinyint(4) DEFAULT '1',
  `created` datetime DEFAULT NULL,
  `modified` datetime DEFAULT NULL,
  `ordering` int(11) DEFAULT '0',
  `type` varchar(255) COLLATE utf8_unicode_ci DEFAULT NULL,
  PRIMARY KEY (`id`),
  KEY `fk_terms_vocabularies1` (`vocabulary_id`)
) ENGINE=InnoDB DEFAULT CHARSET=utf8 COLLATE=utf8_unicode_ci;

INSERT INTO `bz1_terms` (`id`, `title`, `slug`, `intro`, `body`, `vocabulary_id`, `parent_id`, `image`, `language`, `lang_group`, `status`, `created`, `modified`, `ordering`, `type`) VALUES
(1,	'Tin 1',	'tin-1',	'',	NULL,	0,	0,	NULL,	'vi_VN',	'OjMKQH9pWP',	1,	NULL,	NULL,	1,	'news'),
(2,	'Bài 1',	'bai-1',	'Bài 1',	NULL,	0,	0,	NULL,	'*',	'FoPejuWtvL',	1,	NULL,	NULL,	1,	'image');

DROP TABLE IF EXISTS `bz1_users`;
CREATE TABLE `bz1_users` (
  `id` int(11) NOT NULL AUTO_INCREMENT,
  `token` varchar(500) COLLATE utf8_unicode_ci DEFAULT NULL,
  `username` varchar(45) COLLATE utf8_unicode_ci DEFAULT '',
  `password` varchar(255) COLLATE utf8_unicode_ci DEFAULT '',
  `email` varchar(255) COLLATE utf8_unicode_ci DEFAULT '',
  `first_name` varchar(255) COLLATE utf8_unicode_ci DEFAULT '',
  `last_name` varchar(255) COLLATE utf8_unicode_ci DEFAULT '',
  `name` varchar(255) COLLATE utf8_unicode_ci DEFAULT '',
  `location` varchar(255) COLLATE utf8_unicode_ci DEFAULT '',
  `phone` varchar(255) COLLATE utf8_unicode_ci DEFAULT '',
  `avatar` varchar(255) COLLATE utf8_unicode_ci DEFAULT '',
  `gender` enum('Male','Female','Other') COLLATE utf8_unicode_ci DEFAULT NULL,
  `birthday` date DEFAULT NULL,
  `identify` varchar(15) COLLATE utf8_unicode_ci DEFAULT '',
  `mobile_code` varchar(255) COLLATE utf8_unicode_ci DEFAULT '',
  `forget_pass_code` varchar(500) COLLATE utf8_unicode_ci DEFAULT NULL,
  `created` timestamp NULL DEFAULT CURRENT_TIMESTAMP,
  `modified` datetime DEFAULT NULL,
  `social_id` varchar(255) COLLATE utf8_unicode_ci DEFAULT '',
  `social_type` enum('Normal','Yahoo','Google','Facebook','Twitter') COLLATE utf8_unicode_ci DEFAULT NULL,
  `social_token` varchar(500) COLLATE utf8_unicode_ci DEFAULT '',
  `social_link` varchar(255) COLLATE utf8_unicode_ci DEFAULT NULL,
  `social_picture` varchar(255) COLLATE utf8_unicode_ci DEFAULT NULL,
  `role` int(11) DEFAULT NULL,
  `side` text COLLATE utf8_unicode_ci,
  `is_updated_info` tinyint(4) DEFAULT '0',
  `ip` varchar(500) COLLATE utf8_unicode_ci DEFAULT NULL,
  `status` tinyint(4) DEFAULT NULL,
  PRIMARY KEY (`id`),
  KEY `username` (`username`),
  KEY `email` (`email`)
) ENGINE=InnoDB DEFAULT CHARSET=utf8 COLLATE=utf8_unicode_ci;

INSERT INTO `bz1_users` (`id`, `token`, `username`, `password`, `email`, `first_name`, `last_name`, `name`, `location`, `phone`, `avatar`, `gender`, `birthday`, `identify`, `mobile_code`, `forget_pass_code`, `created`, `modified`, `social_id`, `social_type`, `social_token`, `social_link`, `social_picture`, `role`, `side`, `is_updated_info`, `ip`, `status`) VALUES
(19,	'12345abc@123',	'',	'cd0c7a1a20ebc66bbf498d660e6eb6798e154b0171b2cd5bc',	'admin@vietjetair.com',	'',	'',	'Admin',	NULL,	NULL,	'',	NULL,	NULL,	NULL,	'',	NULL,	'2014-12-12 07:34:23',	NULL,	'',	NULL,	'',	NULL,	NULL,	11,	NULL,	0,	NULL,	1),
(24,	NULL,	'',	'7beb3d5871dc710021f7b8bc29eb6ba1693ef1ac9e962c514',	'seulement88@gmail.com',	NULL,	NULL,	'Anh Tuan',	'',	'',	'http://graph.facebook.com/1974510899238855/picture?width=280&height=280',	'Female',	NULL,	'',	'',	NULL,	'2018-11-08 08:50:50',	'2018-11-08 15:50:50',	'1974510899238855',	'Facebook',	'EAAOJmnWSHZBkBALq2qj8CWH9NdIzidVBtXuuWGcZAAn0NZB0WmOnA8HB0IWoOvDfZCAIs9nTH2jZBfqj6l8EFmwhdVBaiDmedLjPU2Kvyyv1ZAWirINC1591imbKpZCnodIV8I4zPIdRsKcBVGNPeHS1jZC8bYg4VMMZD',	NULL,	'http://graph.facebook.com/1974510899238855/picture?width=280&height=280',	10,	'website',	0,	'::1',	0);

DROP TABLE IF EXISTS `bz1_users_groups`;
CREATE TABLE `bz1_users_groups` (
  `id` int(10) unsigned NOT NULL AUTO_INCREMENT,
  `user_id` int(11) NOT NULL,
  `group_id` int(11) NOT NULL,
  PRIMARY KEY (`id`),
  KEY `fk_users_roles_users1` (`user_id`),
  KEY `fk_users_roles_roles1` (`group_id`)
) ENGINE=InnoDB DEFAULT CHARSET=utf8 COLLATE=utf8_unicode_ci;


DROP TABLE IF EXISTS `bz1_users_login_log`;
CREATE TABLE `bz1_users_login_log` (
  `id` bigint(19) NOT NULL AUTO_INCREMENT,
  `title` varchar(255) COLLATE utf8_unicode_ci NOT NULL,
  `ip` text COLLATE utf8_unicode_ci,
  `created` datetime DEFAULT NULL,
  `type` enum('fail','success') COLLATE utf8_unicode_ci DEFAULT NULL,
  `status` tinyint(4) DEFAULT '1',
  PRIMARY KEY (`id`)
) ENGINE=InnoDB DEFAULT CHARSET=utf8 COLLATE=utf8_unicode_ci;

INSERT INTO `bz1_users_login_log` (`id`, `title`, `ip`, `created`, `type`, `status`) VALUES
(1,	'Login success!',	'::1',	'2018-07-18 21:33:14',	'success',	1),
(2,	'Login success!',	'::1',	'2018-07-18 21:44:59',	'success',	1),
(3,	'Login success!',	'116.99.200.182',	'2018-07-23 20:46:41',	'success',	1),
(4,	'Login success!',	'118.69.183.43',	'2018-07-26 16:23:27',	'success',	1),
(5,	'Login success!',	'118.69.183.43',	'2018-07-26 16:24:00',	'success',	1),
(6,	'Login success!',	'171.254.154.220',	'2018-07-26 16:25:38',	'success',	1),
(7,	'Login success!',	'125.234.97.198',	'2018-07-26 17:52:49',	'success',	1),
(8,	'Login success!',	'125.234.97.198',	'2018-07-27 10:54:28',	'success',	1),
(9,	'Login success!',	'113.172.131.165',	'2018-08-01 10:33:16',	'success',	1),
(10,	'Login success!',	'171.232.180.124',	'2018-08-07 00:29:58',	'success',	1),
(11,	'Login success!',	'117.3.47.161',	'2018-08-09 16:07:09',	'success',	1),
(12,	'Login success!',	'14.186.96.199',	'2018-08-13 18:13:54',	'success',	1),
(13,	'Login success!',	'125.234.97.198',	'2018-08-14 14:30:53',	'success',	1),
(14,	'Login success!',	'14.186.96.199',	'2018-08-20 10:24:07',	'success',	1),
(15,	'Login success!',	'118.69.183.43',	'2018-08-20 12:06:11',	'success',	1),
(16,	'Login success!',	'117.3.47.161',	'2018-08-21 13:52:36',	'success',	1),
(17,	'Login success!',	'117.3.47.161',	'2018-08-21 15:03:33',	'success',	1),
(18,	'Login success!',	'14.186.96.199',	'2018-08-22 11:16:21',	'success',	1),
(19,	'Login success!',	'125.234.97.198',	'2018-08-22 11:30:25',	'success',	1),
(20,	'Login success!',	'125.234.97.198',	'2018-08-22 11:37:25',	'success',	1),
(21,	'Login success!',	'14.176.238.152',	'2018-08-22 14:18:21',	'success',	1),
(22,	'Login success!',	'14.186.96.199',	'2018-08-22 18:18:31',	'success',	1),
(23,	'Login success!',	'14.186.96.199',	'2018-08-24 11:25:53',	'success',	1),
(24,	'Login success!',	'125.234.97.198',	'2018-08-24 16:03:59',	'success',	1),
(25,	'Login success!',	'117.3.47.161',	'2018-08-24 16:34:16',	'success',	1),
(26,	'Login success!',	'14.176.238.152',	'2018-08-24 16:37:01',	'success',	1),
(27,	'Login success!',	'14.176.238.152',	'2018-08-25 09:22:45',	'success',	1),
(28,	'Login success!',	'14.186.96.199',	'2018-08-27 10:08:46',	'success',	1),
(29,	'Login success!',	'14.186.96.199',	'2018-08-27 10:09:52',	'success',	1),
(30,	'Login success!',	'118.69.183.43',	'2018-08-27 14:07:42',	'success',	1),
(31,	'Login success!',	'125.234.97.198',	'2018-08-27 15:16:27',	'success',	1),
(32,	'Login success!',	'118.69.183.43',	'2018-08-27 15:58:05',	'success',	1),
(33,	'Login success!',	'117.3.47.161',	'2018-08-27 18:00:21',	'success',	1),
(34,	'Login success!',	'14.186.96.199',	'2018-08-28 09:32:26',	'success',	1),
(35,	'Login success!',	'125.234.97.198',	'2018-08-28 11:42:49',	'success',	1),
(36,	'Login success!',	'118.69.183.43',	'2018-08-28 17:14:59',	'success',	1),
(37,	'Login success!',	'14.186.96.199',	'2018-08-30 10:47:21',	'success',	1),
(38,	'Login success!',	'27.69.177.233',	'2018-08-30 22:58:38',	'success',	1),
(39,	'Login success!',	'14.186.96.199',	'2018-08-31 09:27:42',	'success',	1),
(40,	'Login success!',	'14.186.96.199',	'2018-09-04 10:20:00',	'success',	1),
(41,	'Login success!',	'14.169.59.229',	'2018-09-04 14:08:23',	'success',	1),
(42,	'Login success!',	'27.69.178.218',	'2018-09-13 21:39:54',	'success',	1),
(43,	'Login success!',	'171.252.170.62',	'2018-09-24 22:13:38',	'success',	1),
(44,	'Login success!',	'118.69.183.43',	'2018-09-27 08:36:31',	'success',	1),
(45,	'Login success!',	'117.3.47.161',	'2018-09-28 09:05:46',	'success',	1),
(46,	'Login success!',	'14.186.107.28',	'2018-10-05 11:00:58',	'success',	1),
(47,	'Login success!',	'14.186.107.28',	'2018-10-08 13:13:36',	'success',	1),
(48,	'Login success!',	'14.186.107.28',	'2018-10-09 10:20:10',	'success',	1),
(49,	'Login fail!',	'::1',	'2018-10-17 10:57:06',	'fail',	0),
(50,	'Login success!',	'::1',	'2018-10-17 10:57:37',	'success',	1),
(51,	'Login fail!',	'::1',	'2018-10-18 11:02:52',	'fail',	0),
(52,	'Login fail!',	'::1',	'2018-10-18 11:03:00',	'fail',	0),
(53,	'Login fail!',	'::1',	'2018-10-18 11:04:11',	'fail',	0),
(54,	'Login fail!',	'::1',	'2018-10-18 11:04:34',	'fail',	0),
(55,	'Login fail!',	'::1',	'2018-10-18 11:05:07',	'fail',	0),
(56,	'Login success!',	'::1',	'2018-10-18 11:06:13',	'success',	1),
(57,	'Login fail!',	'::1',	'2018-10-30 09:25:31',	'fail',	0),
(58,	'Login fail!',	'::1',	'2018-10-30 09:26:36',	'fail',	0),
(59,	'Login success!',	'::1',	'2018-10-30 09:26:42',	'success',	1),
(60,	'Login fail!',	'::1',	'2018-10-31 14:53:12',	'fail',	0),
(61,	'Login success!',	'::1',	'2018-10-31 14:53:16',	'success',	1),
(62,	'Login success!',	'::1',	'2018-11-01 11:30:03',	'success',	1),
(63,	'Login fail!',	'::1',	'2018-11-01 11:31:07',	'fail',	0),
(64,	'Login fail!',	'::1',	'2018-11-01 11:35:14',	'fail',	0),
(65,	'Login success!',	'::1',	'2018-11-01 11:35:24',	'success',	1),
(66,	'Login success!',	'::1',	'2018-11-01 11:35:36',	'success',	1);

DROP TABLE IF EXISTS `bz1_votes`;
CREATE TABLE `bz1_votes` (
  `id` int(10) unsigned NOT NULL AUTO_INCREMENT,
  `title` varchar(1000) COLLATE utf8_unicode_ci DEFAULT NULL,
  `user_id` int(11) NOT NULL COMMENT 'ID of user',
  `object_id` int(11) NOT NULL COMMENT 'ID of album, post.. belong to extension',
  `created` datetime DEFAULT NULL,
  `extension` varchar(45) COLLATE utf8_unicode_ci NOT NULL COMMENT 'album, post...or any object type',
  `type` varchar(20) COLLATE utf8_unicode_ci DEFAULT NULL COMMENT 'ex: like, dislike',
  `ip` varchar(15) COLLATE utf8_unicode_ci DEFAULT NULL,
  `status` tinyint(4) DEFAULT '0' COMMENT '~week',
  PRIMARY KEY (`id`),
  KEY `fk_votes_users1` (`user_id`),
  KEY `fk_votes_shops1` (`object_id`)
) ENGINE=InnoDB DEFAULT CHARSET=utf8 COLLATE=utf8_unicode_ci;

INSERT INTO `bz1_votes` (`id`, `title`, `user_id`, `object_id`, `created`, `extension`, `type`, `ip`, `status`) VALUES
(1,	'Bình chọn bài dự thi',	19,	20,	'2016-03-07 09:57:33',	'contest',	'votes',	'::1',	1),
(2,	'Chia sẻ bài dự thi',	19,	20,	'2016-03-07 09:58:10',	'contest',	'shares',	'::1',	1);

-- 2018-11-09 02:31:45
